title,eightdays_aud,drama,action,comedy,fantasy.SF,advanture,criminal.thrill,traditional,romance,documentary,horror,family,war,etc,series,holiday,aud_18,korea,usa,actors,director,distributor_value,expect,comp_before,comp_after,first_screen
"무현,두도시이야기",29866,0,0,0,0,0,0,0,0,1,0,0,0,0,0,0,0,1,0,0,0,0,3817,1,2,31
마담프루스트의비밀정원,30061,1,0,0,0,0,0,0,0,0,0,0,0,0,0,0,0,0,1,0,0,0,569,2,1,36
유스,32158,1,0,0,0,0,0,0,0,0,0,0,0,0,0,0,0,1,0,6,0,0,827,1,6,65
태풍이지나가고,35530,1,0,0,0,0,0,0,0,0,0,0,0,0,0,0,0,1,0,0,0,0,745,0,3,41
파리로가는길,38162,1,0,0,0,0,0,0,1,0,0,0,0,0,0,0,0,0,1,4,0,0,394,2,2,79
지금은맞고그때는틀리다,37313,1,0,0,0,0,0,0,0,0,0,0,0,0,0,1,1,1,0,11,0,2,945,0,7,53
본투비블루,38764,1,0,0,0,0,0,0,0,0,0,0,0,0,0,0,1,0,0,0,0,0,851,0,3,138
러덜리스,38992,1,0,1,0,0,0,0,0,0,0,0,0,0,0,0,0,0,1,2,0,0,351,0,6,117
너와100번째사랑,43239,1,0,0,0,0,0,0,1,0,0,0,0,0,0,0,0,0,1,0,0,0,3272,1,3,114
위아영,42659,1,0,1,0,0,0,0,0,0,0,0,0,0,0,0,0,0,1,6,0,0,548,0,2,234
오두막,44456,1,0,0,0,0,0,0,0,0,0,0,0,0,0,0,0,1,0,4,0,0,727,0,4,382
최악의하루,45779,0,0,0,0,0,0,0,1,0,0,0,0,0,0,0,0,0,0,2,0,0,1204,2,4,196
극장판파워레인저닌자포스VS트레인포스닌자인원더랜드,44738,0,1,0,0,0,0,0,0,0,0,0,0,0,0,0,0,1,0,0,0,2,436,1,4,219
트럼보,45189,1,0,0,0,0,0,0,0,0,0,0,0,0,0,0,0,0,1,6,0,0,1405,0,7,299
포레스트죽음의숲,48128,0,0,0,0,0,0,0,0,0,1,0,0,0,0,0,0,0,1,0,0,1,1031,2,2,282
아메리칸셰프,48373,0,0,1,0,0,0,0,0,0,0,0,0,0,0,0,0,0,1,12,0,0,1802,1,4,81
이웃집에신이산다,53368,0,0,1,0,0,0,0,0,0,0,0,0,0,0,0,1,0,1,0,0,0,1568,2,4,59
대니콜린스,51587,1,0,0,0,0,0,0,0,0,0,0,0,0,0,0,0,0,1,1,0,0,764,7,1,294
경주,49128,1,0,1,0,0,0,0,0,0,0,0,0,0,0,0,0,0,1,13,0,0,1465,1,4,316
더비지트,49747,0,0,0,0,0,1,0,0,0,1,0,0,0,0,0,0,0,1,0,0,1,1089,0,2,275
나이트크롤러,49928,1,0,0,0,0,1,0,0,0,0,0,0,0,0,0,1,0,1,2,0,0,895,0,5,225
지랄발광17세,52471,1,0,1,0,0,0,0,0,0,0,0,0,0,0,0,0,0,1,1,0,0,858,1,3,81
프리덤,52044,1,0,0,0,0,0,0,0,0,0,1,0,0,0,0,0,0,0,0,0,0,786,1,4,96
파도가지나간자리,55475,1,0,0,0,0,0,0,1,0,0,0,0,0,0,0,0,1,0,5,0,0,660,0,1,228
드래곤블레이드,50608,0,1,0,0,1,0,0,0,0,0,0,0,0,0,0,0,0,1,3,1,3,603,0,4,254
부활,55225,1,0,0,0,0,0,0,0,0,0,0,0,0,0,0,0,0,1,2,0,1,1226,0,2,90
그물,51913,1,0,0,0,0,0,0,0,0,0,0,0,0,0,0,0,1,0,9,0,2,1501,1,1,374
드레스메이커,52733,1,0,0,0,0,0,0,0,0,0,0,0,0,0,0,0,1,0,2,0,0,1191,0,7,173
"서서평,천천히평온하게",55887,0,0,0,0,0,0,0,0,1,0,0,0,0,0,0,0,0,1,0,0,0,1053,2,5,164
잡아야산다,53233,0,1,1,0,0,0,0,0,0,0,0,0,0,0,0,0,0,1,7,0,0,5748,1,6,198
더보이,55912,0,0,0,0,0,1,0,0,0,1,0,0,0,0,0,0,1,0,1,0,0,3258,0,4,174
파라노말액티비티더고스트디멘션,53765,0,0,0,0,0,1,0,0,0,1,0,0,0,1,0,0,1,0,0,0,0,927,0,3,330
더테이블,56720,1,0,0,0,0,0,0,1,0,0,0,0,0,0,0,0,0,0,13,0,0,3207,2,2,266
극장판파워레인저트레인포스VS다이노포스THEMOVIE,54769,0,1,0,1,0,0,0,0,0,0,0,0,0,0,0,0,1,0,0,0,0,676,3,0,197
매직인더문라이트,57724,1,0,1,0,0,0,0,0,0,0,0,0,0,0,0,0,0,1,3,0,0,1000,0,4,178
스틸앨리스,59787,1,0,0,0,0,0,0,0,0,0,0,0,0,0,0,0,1,0,7,0,0,900,2,5,79
스티브잡스,57536,1,0,0,0,0,0,0,0,0,0,0,0,0,0,0,0,0,1,3,0,1,1606,0,4,381
사일런스,61237,1,0,0,0,0,0,0,0,0,0,0,0,0,0,0,0,0,0,12,0,0,1365,7,3,304
오베라는남자,59349,1,0,0,0,0,0,0,0,0,0,0,0,0,0,0,0,1,0,0,0,0,1759,3,1,217
어거스트가족의초상,59204,1,0,0,0,0,0,0,0,0,0,0,0,0,0,0,0,1,0,6,0,0,634,1,2,243
두남자,58196,0,1,0,0,0,1,0,0,0,0,0,0,0,0,0,1,0,0,5,0,0,2504,1,3,397
페이스오브러브,60532,1,0,0,0,0,0,0,1,0,0,0,0,0,0,0,0,1,0,4,0,0,364,5,3,210
문라이트,71031,1,0,0,0,0,0,0,0,0,0,0,0,0,0,0,0,0,0,0,0,0,757,2,7,170
주온더파이널,58891,0,0,0,0,0,0,0,0,0,1,0,0,0,1,0,0,0,1,0,0,1,780,1,0,318
세상에서고양이가사라진다면,59941,1,0,0,0,0,0,0,0,0,0,0,0,0,0,0,0,1,0,0,0,0,1221,2,3,143
기생수파트2,59154,0,0,0,1,0,1,0,0,0,0,0,0,0,1,0,1,0,1,0,0,0,2400,0,2,255
번개맨,59510,0,0,0,1,0,0,0,0,0,0,1,0,0,0,0,0,1,0,0,1,0,998,0,7,362
더퍼지거리의반란,59353,0,0,0,0,0,1,0,0,0,1,0,0,0,0,0,1,0,1,0,0,1,683,1,3,204
파더앤도터,59891,1,0,0,0,0,0,0,0,0,0,0,0,0,0,0,0,1,0,6,0,0,1924,0,5,352
선생님의일기,61617,1,0,0,0,0,0,0,1,0,0,0,0,0,0,0,0,0,0,0,0,0,566,0,2,146
심야식당,64604,1,0,0,0,0,0,0,0,0,0,0,0,0,0,0,0,1,0,0,0,0,621,0,4,167
히트맨에이전트47,62313,0,1,0,0,0,1,0,0,0,0,0,0,0,0,0,0,1,0,2,0,2,1045,0,4,262
올레,63802,1,0,1,0,0,0,0,0,0,0,0,0,0,0,0,0,0,1,11,0,0,1641,2,4,338
다크플레이스,63561,1,0,0,0,0,1,0,0,0,0,0,0,0,0,0,1,0,1,4,0,0,1113,5,2,246
어카운턴트,63624,0,1,0,0,0,1,0,0,0,0,0,0,0,0,0,0,0,1,5,0,2,609,0,4,365
더서클,64815,1,0,0,1,0,0,0,0,0,0,0,0,0,0,0,0,0,1,9,0,0,1208,1,3,155
이퀄스,65862,1,0,0,1,0,0,0,0,0,0,0,0,0,0,0,0,1,0,8,0,0,2046,3,1,354
로스트인더스트,67572,1,0,0,0,0,1,0,0,0,0,0,0,0,0,0,0,0,1,4,0,0,298,1,4,337
빅아이즈,74017,1,0,0,0,0,0,0,0,0,0,0,0,0,0,0,0,0,1,2,0,0,1261,1,3,272
언더월드블러드워,68109,0,1,0,1,0,0,0,0,0,0,0,0,0,0,0,0,1,0,3,0,1,1409,1,3,177
엑스마키나,68609,0,0,0,1,0,1,0,0,0,0,0,0,0,0,0,1,0,1,1,0,1,1073,0,4,197
피터와드래곤,69358,0,0,0,0,1,0,0,0,0,0,1,0,0,0,0,0,0,0,4,0,0,292,0,6,143
죽여주는여자,71232,1,0,0,0,0,0,0,0,0,0,0,0,0,0,0,1,0,0,5,1,0,1217,1,1,317
카페소사이어티,74511,1,0,0,0,0,0,0,1,0,0,0,0,0,0,1,0,0,1,8,0,0,824,0,4,199
피치퍼펙트언프리티걸즈,69220,0,0,1,0,0,0,0,0,0,0,0,0,1,0,0,0,0,0,2,0,1,3246,2,1,282
마이리틀자이언트,74117,0,0,0,0,1,0,0,0,0,0,1,0,0,0,0,0,0,1,2,0,0,1311,0,4,122
룸,70736,1,0,0,0,0,0,0,0,0,0,0,0,0,0,0,0,1,0,1,0,0,1541,0,2,316
패트리어트데이,71191,1,0,0,0,0,1,0,0,0,0,0,0,0,0,0,0,1,0,2,0,0,778,3,2,373
대니쉬걸,77162,1,0,0,0,0,0,0,0,0,0,0,0,0,0,0,1,1,0,0,0,1,3482,3,4,201
엽기적인그녀2,71218,0,0,1,0,0,0,0,1,0,0,0,0,0,1,0,0,0,1,6,0,0,9148,0,3,380
파워레인져스더비기닝,70601,0,1,0,0,1,0,0,0,0,0,0,0,0,0,0,0,0,1,0,0,2,1391,0,4,431
위자,71225,0,0,0,0,0,1,0,0,0,1,0,0,0,0,0,0,0,1,0,0,1,879,0,1,319
모데카이,73782,0,1,1,0,0,0,0,0,0,0,0,0,0,0,1,0,1,0,11,0,0,1023,4,1,290
라이언,76088,1,0,0,0,0,0,0,0,0,0,0,0,0,0,0,0,0,1,3,0,0,1118,0,1,173
자백,75292,0,0,0,0,0,0,0,0,1,0,0,0,0,0,0,0,1,0,0,0,0,9464,0,4,125
꾸뻬씨의행복여행,76122,1,0,0,0,1,0,0,0,0,0,0,0,0,0,0,0,0,0,2,0,0,1329,0,4,227
원챈스,73542,1,0,1,0,0,0,0,0,0,0,0,0,0,0,0,0,1,0,0,0,2,12,0,2,304
아더우먼,74282,0,0,1,0,0,0,0,1,0,0,0,0,0,0,0,0,0,1,2,0,2,829,0,1,331
예수는역사다,80004,1,0,0,0,0,0,0,0,0,0,0,0,0,0,0,0,0,0,1,0,0,1614,2,2,197
걷기왕,75646,1,0,0,0,0,0,0,0,0,0,0,0,0,0,0,0,0,1,3,0,0,1663,1,3,437
더이퀄라이저,80314,0,1,0,0,0,1,0,0,0,0,0,0,0,0,0,1,1,0,0,0,1,1355,1,3,251
오마이그랜파,74971,0,0,1,0,0,0,0,0,0,0,0,0,0,0,0,1,0,1,1,0,0,490,0,2,378
쓰리썸머나잇,75395,0,0,1,0,0,0,0,0,0,0,0,0,0,0,0,1,0,1,8,1,0,2529,5,2,297
씬시티다크히어로의부활,78170,0,1,0,0,0,1,0,0,0,0,0,0,0,1,0,1,0,1,12,0,0,1106,0,0,328
터널3D,77166,0,0,0,0,0,1,0,0,0,1,0,0,0,0,0,0,0,1,2,0,0,2869,0,4,264
시카리오암살자의도시,81086,0,0,0,0,0,1,0,0,0,0,0,0,0,0,0,1,0,1,3,0,3,409,0,4,206
보이후드,83248,1,0,0,0,0,0,0,0,0,0,0,0,0,0,0,0,1,0,0,0,1,1029,0,4,206
미라클벨리에,79643,1,0,0,0,0,0,0,0,0,0,0,0,0,0,0,0,1,0,0,0,0,1868,0,2,240
우먼인골드,80924,1,0,0,0,0,0,0,0,0,0,0,0,0,0,0,0,0,0,1,0,0,540,0,6,252
분신사바2,78154,0,0,0,0,0,1,0,0,0,1,0,0,0,1,0,0,1,0,0,0,0,976,2,2,205
타임패러독스,78831,0,0,0,1,0,1,0,0,0,0,0,0,0,0,0,0,0,1,0,0,0,1321,1,4,229
세인트빈센트,79957,1,0,1,0,0,0,0,0,0,0,0,0,0,0,0,0,0,1,2,0,0,1009,0,3,281
갤로우즈,80210,0,0,0,0,0,0,0,0,0,1,0,0,0,0,0,0,0,1,0,0,2,1373,0,4,262
허큘리스,83964,0,1,0,0,1,0,0,0,0,0,0,0,0,0,0,0,0,1,6,0,2,594,2,2,274
나의소녀시대,98459,1,0,0,0,0,0,0,1,0,0,0,0,0,0,0,0,0,0,0,0,0,7104,0,3,134
더시그널,89919,0,1,0,1,0,0,0,0,0,0,0,0,0,0,0,0,1,0,0,0,3,807,1,2,260
바스티유데이,88409,0,1,0,0,0,0,0,0,0,0,0,0,0,0,0,0,0,0,3,0,3,1365,0,4,388
7번째아들,87726,0,0,0,0,1,0,0,0,0,0,1,0,0,0,0,0,1,0,3,0,1,635,4,6,343
한공주,94662,1,0,0,0,0,0,0,0,0,0,0,0,0,0,0,1,0,1,0,0,0,1496,3,1,203
포커스,87924,0,0,1,0,0,1,0,0,0,0,0,0,0,0,0,0,0,1,5,0,2,627,0,5,349
돌연변이,88779,1,0,1,0,0,0,0,0,0,0,0,0,0,0,0,0,0,1,4,0,0,8894,0,6,365
사우스포,90732,1,1,0,0,0,0,0,0,0,0,0,0,0,0,0,0,0,1,5,0,0,1836,0,4,335
딥워터호라이즌,91981,1,1,0,0,0,0,0,0,0,0,0,0,0,0,1,0,1,0,4,0,0,1117,0,3,425
크리미널,90286,0,1,0,0,0,1,0,0,0,0,0,0,0,0,0,0,0,1,8,0,0,792,2,2,351
헤이트풀8,92834,0,1,0,0,0,1,0,0,0,0,0,0,0,0,0,1,0,1,8,0,0,973,1,6,153
무서운이야기3화성에서온소녀,93683,0,0,0,0,0,0,0,0,0,1,0,0,0,1,0,0,1,0,2,0,3,1951,0,4,312
그녀,100392,1,0,0,0,0,0,0,1,0,0,0,0,0,0,0,1,0,1,6,0,1,1333,0,3,153
다이노소어어드벤처백악기공룡대백과,93305,0,0,0,0,0,0,0,0,1,0,0,0,0,0,0,0,1,0,0,0,0,342,0,4,216
맨프롬UNCLE,101097,0,1,0,0,1,0,0,0,0,0,0,0,0,0,0,0,1,0,3,0,2,557,3,4,326
니드포스피드,95728,0,1,0,0,0,1,0,0,0,0,0,0,0,0,0,0,0,1,1,0,0,838,5,3,325
더기버기억전달자,100228,1,0,0,1,0,0,0,0,0,0,0,0,0,0,0,0,1,0,2,0,0,1522,0,4,225
공범자들,105370,0,0,0,0,0,0,0,0,1,0,0,0,0,0,0,0,0,0,0,0,0,10237,2,3,186
화장,103119,1,0,0,0,0,0,0,0,0,0,0,0,0,0,0,1,1,0,8,0,0,3583,0,1,315
다이버전트시리즈얼리전트,98623,0,1,0,0,1,0,0,0,0,0,0,0,0,1,0,0,1,0,3,0,0,2313,0,3,369
도희야,99793,1,0,0,0,0,0,0,0,0,0,0,0,0,0,0,1,0,1,6,0,0,1420,0,3,302
루시드드림,100189,0,0,0,1,0,1,0,0,0,0,0,0,0,0,0,0,1,0,13,0,2,5696,2,7,461
베리굿걸,100821,1,0,0,0,0,0,0,1,0,0,0,0,0,0,0,0,0,1,2,0,0,1435,0,1,338
눈길,104626,1,0,0,0,0,0,0,0,0,0,0,0,0,0,0,0,0,0,4,0,0,3833,2,2,495
여교사,105081,1,0,0,0,0,0,0,0,0,0,0,0,0,0,0,1,0,1,3,0,0,4208,0,4,371
더건맨,104155,0,1,0,0,0,1,0,0,0,0,0,0,0,0,0,1,0,1,3,0,3,308,0,1,333
"님아,그강을건너지마오",120392,0,0,0,0,0,0,0,0,1,0,0,0,0,0,0,0,0,0,0,0,0,8651,0,4,186
플로렌스,114065,1,0,0,0,0,0,0,0,0,0,0,0,0,0,0,0,1,0,4,0,0,756,0,4,382
"극장판파워레인저다이노포스VS고버스터즈공룡대결전!~안녕,영원한친구여!~",138263,0,1,0,1,0,0,0,0,0,0,0,0,0,0,0,0,1,0,0,0,0,762,0,9,205
존윅,110661,0,1,0,0,0,1,0,0,0,0,0,0,0,0,0,1,0,0,3,0,0,1842,0,4,321
퇴마무녀굴,112293,0,0,0,0,0,1,0,0,0,1,0,0,0,0,0,0,0,1,11,1,0,1993,0,2,331
내사랑,126020,1,0,0,0,0,0,0,1,0,0,0,0,0,0,0,0,0,1,0,0,0,1305,0,3,175
라스트위치헌터,119264,0,1,0,0,1,0,0,0,0,0,0,0,0,0,0,0,1,0,4,0,0,1304,3,3,265
워터디바이너,123600,1,0,0,0,0,0,0,0,0,0,0,1,0,0,0,0,0,1,7,0,3,925,1,3,326
시간위의집,119274,0,0,0,0,0,1,0,0,0,0,0,0,0,0,0,0,0,0,6,0,0,1987,0,3,407
맨홀,125689,0,0,0,0,0,1,0,0,0,1,0,0,0,0,0,1,0,0,10,0,3,5589,6,3,279
가시,123759,1,0,0,0,0,0,0,1,0,0,0,0,0,0,0,1,1,0,2,0,0,2456,0,7,339
13시간,126286,1,1,0,0,0,0,0,0,0,0,0,0,0,0,0,0,0,1,0,0,3,770,0,2,364
기생수파트1,130228,0,0,0,1,0,1,0,0,0,0,0,0,0,0,0,1,1,0,0,0,0,15045,0,5,203
은밀한유혹,127423,0,0,0,0,0,1,0,1,0,0,0,0,0,0,0,0,0,1,7,1,3,4687,1,0,385
나의절친악당들,126496,0,1,0,0,0,1,0,0,0,0,0,0,0,0,0,1,1,0,11,3,2,1791,2,1,384
캐롤,145373,1,0,0,0,0,0,0,0,0,0,0,0,0,0,1,1,0,1,4,0,0,1191,1,2,153
미스컨덕트,135226,0,0,0,0,0,1,0,0,0,0,0,0,0,0,0,0,1,0,19,0,0,1725,2,2,395
제5침공,130202,0,1,0,0,1,0,0,0,0,0,0,0,0,0,0,0,0,1,1,0,1,2777,3,3,289
워킹걸,134144,0,0,1,0,0,0,0,1,0,0,0,0,0,0,0,1,0,0,4,0,0,4677,1,4,296
19곰테드2,137324,0,0,1,0,0,0,0,0,0,0,0,0,0,1,0,1,0,0,16,0,1,2859,2,1,281
그랜드부다페스트호텔,153327,0,0,0,0,1,1,0,0,0,0,0,0,0,0,0,1,0,1,5,0,2,333,0,2,67
조이,139857,1,0,1,0,0,0,0,0,0,0,0,0,0,0,0,0,0,0,5,0,2,2287,0,2,372
아빠를빌려드립니다,140265,0,0,1,0,0,0,0,0,0,0,1,0,0,0,0,0,0,1,5,0,0,3445,0,2,324
글로리데이,141660,1,0,0,0,0,0,0,0,0,0,0,0,0,0,0,0,1,0,0,0,0,26181,0,4,425
익스펜더블3,143283,0,1,0,0,1,0,0,0,0,0,0,0,0,1,0,0,1,0,5,0,3,1069,0,4,306
론서바이버,150418,1,1,0,0,0,0,0,0,0,0,0,0,0,0,0,0,0,1,2,0,1,627,0,3,288
창문넘어도망친100세노인,149415,0,0,1,0,1,0,0,0,0,0,0,0,0,0,0,0,0,0,0,0,0,754,1,3,260
비긴어게인,161721,0,0,0,0,0,0,0,1,0,0,0,0,0,0,0,0,0,1,5,0,0,1276,0,4,185
그레이스오브모나코,150812,1,0,0,0,0,0,0,0,0,0,0,0,0,0,0,0,1,0,3,0,3,720,1,3,334
비정규직특수요원,144229,0,1,1,0,0,0,0,0,0,0,0,0,0,0,0,0,0,0,4,0,0,2648,0,1,448
라스트베가스,149931,0,0,1,0,0,0,0,0,0,0,0,0,0,0,0,0,0,1,3,0,0,563,0,2,321
트랜스포터리퓰드,148790,0,1,0,0,0,1,0,0,0,0,0,0,0,1,0,0,0,1,0,0,0,978,0,2,415
핵소고지,152375,1,0,0,0,0,0,0,0,0,0,0,1,0,0,0,0,0,0,10,0,0,2640,2,7,442
대배우,156791,0,0,1,0,0,0,0,0,0,0,0,0,0,0,0,0,1,0,20,0,0,2352,2,2,466
컬러풀웨딩즈,153013,0,0,1,0,0,0,0,0,0,0,0,0,0,0,0,0,0,1,0,0,0,1416,0,1,323
스포트라이트,162007,1,0,0,0,0,1,0,0,0,0,0,0,0,0,0,0,0,1,7,0,0,1122,0,6,295
더큐어,152506,0,0,0,0,0,1,0,0,0,0,0,0,0,0,0,1,0,1,0,0,2,2824,4,5,405
50가지그림자심연,156963,1,0,0,0,0,0,0,1,0,0,0,0,0,1,0,1,0,1,0,0,1,3757,2,7,419
옥자,162216,0,1,0,0,1,0,0,0,0,0,0,0,0,0,0,0,0,1,3,3,2,12426,3,1,94
버드맨,159746,1,0,1,0,0,0,0,0,0,0,0,0,0,0,0,1,0,1,4,0,2,2387,0,3,354
더셰프,160856,1,0,0,0,0,0,0,0,0,0,0,0,0,0,0,0,0,0,4,0,0,914,0,4,380
아메리칸울트라,157694,0,1,1,0,0,0,0,0,0,0,0,0,0,0,0,1,1,0,7,0,3,2026,0,2,326
덤앤더머투,164715,0,0,1,0,0,0,0,0,0,0,0,0,0,0,0,0,0,0,1,0,0,3986,0,4,341
팬,164154,0,0,0,1,1,0,0,0,0,0,0,0,0,0,0,0,1,0,0,0,2,2406,0,2,404
덕수리5형제,171052,0,0,1,0,0,1,0,0,0,0,0,0,0,0,0,0,0,1,3,0,3,1647,1,2,327
툼스톤,180068,0,1,0,0,0,1,0,0,0,0,0,0,0,0,0,1,0,1,7,0,0,1097,0,1,367
플립,191288,1,0,0,0,0,0,0,1,0,0,0,0,0,0,0,0,1,0,0,0,0,10110,0,3,186
아이엠어히어로,179249,0,1,0,0,0,0,0,0,0,1,0,0,0,0,0,1,0,1,0,0,0,1355,0,0,172
레전드,176103,0,1,0,0,0,1,0,0,0,0,0,0,0,0,0,1,0,1,5,0,0,1823,0,5,434
언프렌디드친구삭제,179231,0,0,0,0,0,1,0,0,0,1,0,0,0,0,0,0,0,1,0,0,1,4950,0,2,297
선오브갓,190591,1,0,0,0,0,0,0,0,0,0,0,0,0,0,0,0,1,0,0,0,0,2460,0,7,350
개를훔치는완벽한방법,183398,1,0,0,0,0,0,0,0,0,0,1,0,0,0,0,0,0,1,6,0,0,5046,0,3,205
남과여,182382,0,0,0,0,0,0,0,1,0,0,0,0,0,0,0,1,0,1,8,0,3,10545,3,3,424
연애의맛,186219,0,0,1,0,0,0,0,1,0,0,0,0,0,0,0,1,0,1,5,0,3,1176,0,2,390
쓰리데이즈투킬,189906,0,1,0,0,0,1,0,0,0,0,0,0,0,0,0,0,0,0,1,1,3,360,1,2,322
소셜포비아,191754,1,0,0,0,0,1,0,0,0,0,0,0,0,0,0,0,0,1,0,0,0,5302,0,4,353
하늘을걷는남자,202517,1,0,0,0,0,0,0,0,0,0,0,0,0,0,0,0,1,0,7,0,1,1338,3,4,379
독수리에디,190073,1,0,0,0,0,0,0,0,0,0,0,0,0,0,0,0,0,1,7,0,2,1104,0,7,503
헤라클레스레전드비긴즈,194038,0,1,0,1,0,0,0,0,0,0,0,0,0,0,0,0,0,0,0,0,2,410,0,7,376
어느날,198408,0,0,0,0,0,0,0,1,0,0,0,0,0,0,0,0,0,0,5,0,0,3837,0,3,457
히든피겨스,208809,1,0,0,0,0,0,0,0,0,0,0,0,0,0,0,0,1,0,1,0,2,1921,0,5,419
레드카펫,205971,0,0,1,0,0,0,0,1,0,0,0,0,0,0,0,0,0,0,0,0,0,4017,0,4,375
스파이브릿지,204921,1,0,0,0,0,1,0,0,0,0,0,0,0,0,0,0,1,0,2,0,2,878,0,4,351
아메리칸스나이퍼,211064,0,1,0,0,0,0,0,0,0,0,0,0,0,0,0,1,0,1,2,0,2,1823,0,4,284
오큘러스,215781,0,0,0,0,0,1,0,0,0,1,0,0,0,0,0,0,0,0,0,0,0,1603,0,6,282
혼숨,217435,0,0,0,0,0,0,0,0,0,1,0,0,0,0,0,0,0,1,2,0,0,4178,1,2,421
닌자터틀어둠의히어로,210756,0,1,0,0,1,0,0,0,0,0,0,0,0,1,0,0,0,1,1,0,3,2151,2,7,501
존윅-리로드,220625,0,1,0,0,0,1,0,0,0,0,0,0,0,1,0,1,1,0,4,0,0,1842,4,2,224
노벰버맨,220771,0,1,0,0,0,1,0,0,0,0,0,0,0,0,0,0,1,0,4,0,3,569,4,1,360
순정,227381,1,0,0,0,0,0,0,0,0,0,0,0,0,0,0,0,0,1,9,0,0,31698,0,5,467
백투더비기닝,229105,0,0,0,1,0,1,0,0,0,0,0,0,0,0,0,0,0,0,0,0,3,479,0,3,363
런올나이트,235610,0,1,0,0,0,1,0,0,0,0,0,0,0,0,0,1,0,1,10,0,2,1118,2,3,362
비밀은없다,236971,0,0,0,0,0,1,0,0,0,0,0,0,0,0,0,1,0,1,11,0,3,3971,1,4,463
패딩턴,242690,0,0,1,0,0,0,0,0,0,0,1,0,0,0,0,0,0,1,3,0,3,1592,1,1,343
사랑에대한모든것,241554,0,0,0,0,0,0,0,1,0,0,0,0,0,0,0,0,0,1,0,0,1,2704,0,2,384
구스범스,245631,0,1,0,0,1,0,0,0,0,0,0,0,0,0,0,0,0,1,3,0,1,2541,0,4,447
극적인하룻밤,248824,0,0,1,0,0,0,0,1,0,0,0,0,0,0,0,1,0,1,3,0,0,2589,0,5,386
거울나라의앨리스,272918,0,0,0,0,1,0,0,0,0,0,1,0,0,1,0,0,1,0,16,0,0,7616,1,4,444
언브로큰,241245,1,1,0,0,0,0,0,0,0,0,0,0,0,0,0,0,0,0,2,0,1,3318,0,4,364
싱스트리트,253974,1,0,0,0,0,0,0,1,0,0,0,0,0,0,0,0,0,1,1,0,0,1449,3,2,465
투모로우랜드,243782,0,1,0,0,1,0,0,0,0,0,0,0,0,0,0,0,0,0,2,0,0,1272,1,1,419
"러브,로지",246731,0,0,1,0,0,0,0,1,0,0,0,0,0,0,0,0,0,0,1,0,2,2861,0,3,348
함정,242893,0,0,0,0,0,1,0,0,0,0,0,0,0,0,0,1,1,0,4,0,0,2023,1,3,359
미녀와야수,246759,0,0,0,1,0,0,0,1,0,0,0,0,0,0,0,0,1,0,8,0,2,8894,2,3,332
위자저주의시작,256615,0,0,0,0,0,0,0,0,0,1,0,0,0,0,0,0,0,0,0,0,1,879,2,1,353
인서전트,248923,0,1,0,1,0,0,0,0,0,0,0,0,0,1,0,0,0,1,4,0,3,3194,1,6,431
포인트브레이크,249239,0,1,0,0,0,1,0,0,0,0,0,0,0,0,0,0,0,1,3,0,1,1262,4,3,352
하이힐,260212,0,1,0,0,0,1,0,0,0,0,0,0,0,0,0,1,0,0,7,3,3,2252,0,4,291
위대한소원,256048,1,0,1,0,0,0,0,0,0,0,0,0,0,0,0,0,1,0,1,0,2,3408,0,4,521
빅쇼트,265982,1,0,0,0,0,0,0,0,0,0,0,0,0,0,0,1,1,0,9,0,3,1085,2,2,394
도리화가,280379,1,0,0,0,0,0,1,0,0,0,0,0,0,0,0,0,0,1,13,0,3,12459,3,3,544
소수의견,293662,1,0,0,0,0,0,0,0,0,0,0,0,0,0,0,0,0,1,10,0,1,5222,0,7,378
에베레스트,284437,1,0,0,0,1,0,0,0,0,0,0,0,0,0,1,0,0,0,12,0,1,1559,0,4,326
언더워터,289501,0,0,0,0,0,1,0,0,0,1,0,0,0,0,0,0,1,0,0,0,1,1508,0,4,372
해어화,303873,1,0,0,0,0,0,1,0,0,0,0,0,0,0,0,0,0,1,10,0,3,9015,0,4,557
사랑하기때문에,295877,0,0,1,0,0,0,0,1,0,0,0,0,0,0,0,0,1,0,10,0,2,7040,0,4,496
계춘할망,302809,1,0,0,0,0,0,0,0,0,0,1,0,0,0,0,0,0,1,7,2,0,6385,0,6,483
주피터어센딩,295468,0,1,0,1,0,0,0,0,0,0,0,0,0,0,0,0,1,0,4,0,2,1428,0,7,546
클로버필드10번지,301274,0,0,0,0,0,1,0,0,0,0,0,0,0,0,0,0,0,0,1,0,3,1517,1,2,489
좋은친구들,314457,1,0,0,0,0,1,0,0,0,0,0,0,0,0,0,1,0,0,5,0,3,2153,4,7,348
그레이의50가지그림자,310207,1,0,0,0,0,0,0,1,0,0,0,0,0,0,0,1,0,1,0,0,1,3757,1,4,512
숲속으로,317406,0,0,0,0,0,0,0,0,0,0,0,0,1,0,0,0,1,0,11,0,0,3514,1,1,351
"안녕,헤이즐",342665,1,0,0,0,0,0,0,1,0,0,0,0,0,0,0,0,1,0,0,0,2,2251,2,7,252
싱글라이더,320079,1,0,0,0,0,0,0,0,0,0,0,0,0,0,0,0,1,0,15,0,2,3838,4,2,554
석조저택살인사건,328584,0,0,0,0,0,1,0,0,0,0,0,0,0,0,0,0,0,0,12,0,0,1987,1,2,493
위험한상견례2,333844,0,0,1,0,0,0,0,1,0,0,0,0,0,1,0,0,1,0,6,2,3,2757,3,2,341
무뢰한,330909,0,0,0,0,0,0,0,1,0,0,0,0,0,0,0,1,0,1,7,0,0,4059,2,2,482
내심장을쏴라,339201,1,0,0,0,0,0,0,0,0,0,0,0,0,0,0,0,0,1,6,0,0,6860,0,4,430
경성학교사라진소녀들,325199,1,0,0,0,0,1,0,0,0,0,0,0,0,0,0,0,0,1,6,0,3,8640,0,3,476
헬머니,335298,0,0,1,0,0,0,0,0,0,0,0,0,0,0,0,1,0,0,14,1,2,6556,0,5,368
보통사람,329602,1,0,0,0,0,0,0,0,0,0,0,0,0,0,0,0,0,0,6,0,0,2459,0,2,621
치외법권,326903,0,1,0,0,0,0,0,0,0,0,0,0,0,0,0,0,0,0,10,0,0,3298,3,4,405
동주,387085,1,0,0,0,0,0,0,0,0,0,0,0,0,0,0,0,1,0,2,8,0,8002,5,3,374
다이버전트,332718,0,0,0,1,0,0,0,0,0,0,0,0,0,0,0,0,1,0,2,0,3,630,2,6,463
스텝업올인,378230,1,0,0,0,0,0,0,1,0,0,0,0,0,1,1,0,0,1,2,0,0,2473,1,1,267
아빠는딸,357625,0,0,1,0,0,0,0,0,0,0,0,0,0,0,0,0,1,0,5,0,0,5211,4,3,460
헌츠맨윈터스워,346027,0,1,0,0,1,0,0,0,0,0,0,0,0,0,0,0,0,1,10,0,1,2702,4,1,518
"로봇,소리",342118,1,0,0,0,0,0,0,0,0,0,0,0,0,0,0,0,0,1,9,1,3,5859,0,2,601
나의독재자,342524,1,0,0,0,0,0,0,0,0,0,0,0,0,0,0,0,1,0,18,0,3,2953,2,4,637
고스트버스터즈,351507,0,1,1,0,0,0,0,0,0,0,0,0,0,0,0,0,0,0,7,0,1,2374,0,4,418
오피스,347983,0,0,0,0,0,1,0,0,0,0,0,0,0,0,0,0,1,0,5,0,0,3593,4,1,382
원라인,351725,0,0,0,0,0,1,0,0,0,0,0,0,0,0,0,0,0,1,5,0,2,3962,0,1,613
소녀괴담,369978,0,0,0,0,0,1,0,0,0,1,0,0,0,0,0,0,0,0,0,0,0,3750,0,2,325
어쌔신크리드,344211,0,1,0,0,1,0,0,0,0,0,0,0,0,0,0,0,0,0,8,0,2,5645,0,4,540
미비포유,378026,1,0,0,0,0,0,0,1,0,0,0,0,0,0,0,0,0,1,2,0,2,5859,2,2,384
주온끝의시작,357770,0,0,0,0,0,0,0,0,0,1,0,0,0,1,0,0,1,0,0,0,2,1608,1,1,335
판타스틱4,359522,0,1,0,1,0,0,0,0,0,0,0,0,0,0,0,0,0,1,3,0,2,3209,2,5,432
마담뺑덕,384207,0,0,0,0,0,0,0,1,0,0,0,0,0,0,0,1,0,1,6,1,3,7380,0,9,536
황제를위하여,394283,0,1,0,0,0,1,0,0,0,0,0,0,0,0,0,1,1,0,6,0,0,2734,1,1,366
"고산자,대동여지도",445665,0,0,0,0,0,0,1,0,0,0,0,0,0,0,0,0,0,1,10,6,3,3583,0,5,764
킹아서제왕의검,383668,0,1,0,1,0,0,0,0,0,0,0,0,0,0,0,0,0,1,6,0,2,1115,0,2,554
인시디어스3,419904,0,0,0,0,0,0,0,0,0,1,0,0,0,1,0,0,0,1,0,0,1,3097,0,6,331
나를잊지말아요,391766,0,0,0,0,0,0,0,1,0,0,0,0,0,0,0,0,1,0,9,0,3,6851,1,6,503
널기다리며,414657,0,0,0,0,0,1,0,0,0,0,0,0,0,0,0,1,0,1,8,0,2,3993,0,2,463
"협녀,칼의기억",399581,0,1,0,0,0,0,1,0,0,0,0,0,0,0,0,0,0,0,13,0,3,5465,0,2,572
런던해즈폴른,418095,0,1,0,0,0,1,0,0,0,0,0,0,0,0,0,0,1,0,6,0,0,1325,0,2,457
설리허드슨강의기적,418062,1,0,0,0,0,0,0,0,0,0,0,0,0,0,0,0,0,1,4,0,2,2082,0,6,537
순수의시대,411374,1,0,0,0,0,0,1,0,0,0,0,0,0,0,0,1,0,0,9,2,3,7092,0,3,512
위플래쉬,450749,1,0,0,0,0,0,0,0,0,0,0,0,0,0,0,0,0,1,1,0,3,3127,0,4,326
얼라이드,418161,1,0,0,0,0,1,0,0,0,0,0,0,0,0,0,0,0,1,8,0,3,1400,0,2,488
패션왕,446491,1,0,1,0,0,0,0,0,0,0,0,0,0,0,0,0,1,0,1,1,2,39795,0,2,518
열정같은소리하고있네,444742,1,0,0,0,0,0,0,0,0,0,0,0,0,0,0,0,1,0,12,2,2,8738,2,3,550
가려진시간,434830,1,0,0,1,0,0,0,0,0,0,0,0,0,0,0,0,0,0,9,0,3,12208,1,3,884
리얼,426567,0,1,0,0,0,0,0,0,0,0,0,0,0,0,0,1,0,0,13,0,3,25803,1,3,970
신데렐라,433655,0,0,0,0,0,0,0,1,0,0,0,0,0,0,0,0,0,1,0,0,0,4666,0,3,424
몬스터,436870,0,0,0,0,0,1,0,0,0,0,0,0,0,0,0,1,0,1,5,1,3,83,0,2,469
트리플엑스리턴즈,434853,0,1,0,0,1,0,0,0,0,0,0,0,0,1,0,0,1,0,10,0,3,1709,1,5,581
그레이트월,444800,0,1,0,1,0,0,0,0,0,0,0,0,0,0,0,0,0,1,6,0,1,1501,4,5,593
채피,450055,0,1,0,0,0,1,0,0,0,0,0,0,0,0,0,0,1,0,11,0,1,2671,0,4,524
브리짓존스의베이비,463038,0,0,1,0,0,0,0,1,0,0,0,0,0,1,0,0,0,1,3,0,1,3519,0,6,440
하트오브더씨,493920,0,1,0,0,1,0,0,0,0,0,0,0,0,0,0,0,0,1,5,0,2,1575,0,4,501
컨택트,474040,1,0,0,1,0,0,0,0,0,0,0,0,0,0,0,0,0,1,0,0,1,2339,1,2,509
미쓰와이프,486722,0,0,1,0,0,0,0,0,0,0,0,0,0,0,0,0,0,1,9,1,0,4930,0,2,413
메카닉리크루트,470847,0,1,0,0,0,1,0,0,0,0,0,0,0,0,0,0,0,0,5,0,0,2497,3,1,290
그날의분위기,495339,0,0,0,0,0,0,0,1,0,0,0,0,0,0,0,0,0,1,4,0,3,8071,0,2,592
트랜센던스,515323,0,1,0,1,0,0,0,0,0,0,0,0,0,0,0,0,1,0,10,0,3,2385,1,2,361
장수상회,535667,1,0,0,0,0,0,0,1,0,0,0,0,0,0,0,0,1,0,13,1,3,15600,0,1,640
특종량첸살인기,508629,0,0,0,0,0,1,0,0,0,0,0,0,0,0,0,0,0,1,5,1,3,2717,0,6,776
헝거게임더파이널,541092,0,1,0,0,1,0,0,0,0,0,0,0,0,1,0,0,0,0,7,0,3,13214,1,2,482
우는남자,534721,1,1,0,0,0,0,0,0,0,0,0,0,0,0,0,1,1,0,5,1,3,2136,5,2,500
서부전선,535796,1,0,0,0,0,0,0,0,0,0,0,1,0,0,1,0,0,1,11,0,3,4085,0,7,499
47미터,536658,0,0,0,0,0,1,0,0,0,1,0,0,0,0,0,0,0,1,0,0,0,3483,2,4,542
잭리처네버고백,540290,0,1,0,0,0,1,0,0,0,0,0,0,0,1,0,0,0,1,8,0,3,1974,1,3,658
애나벨,603886,0,0,0,0,0,0,0,0,0,1,0,0,0,0,0,0,1,0,0,0,2,6123,0,9,344
스플릿,553151,1,0,0,0,0,0,0,0,0,0,0,0,0,0,0,0,0,1,5,0,0,1700,2,3,563
우리는형제입니다,564434,1,0,1,0,0,0,0,0,0,0,0,0,0,0,0,0,0,1,12,3,3,5789,0,4,517
카트,553362,1,0,0,0,0,0,0,0,0,0,0,0,0,0,0,0,1,0,10,0,0,48999,0,1,533
인페르노,557906,0,0,0,0,0,1,0,0,0,0,0,0,0,0,0,0,0,0,6,0,1,2279,4,1,731
국가대표2,562630,1,0,0,0,0,0,0,0,0,0,0,0,0,1,0,0,0,1,18,0,0,7290,0,4,562
레지던트이블파멸의날,576181,0,1,0,0,0,0,0,0,0,1,0,0,0,1,1,1,0,1,1,0,1,9388,0,3,545
조선마술사,571279,1,0,0,0,0,0,0,0,0,0,0,0,0,0,0,0,1,0,0,2,3,13233,3,3,596
픽셀,578736,0,1,0,0,1,0,0,0,0,0,0,0,0,0,0,0,0,1,2,0,1,6795,2,2,530
좋아해줘,622398,0,0,1,0,0,0,0,1,0,0,0,0,0,0,0,0,0,1,13,1,3,11032,3,4,614
방황하는칼날,612500,0,0,0,0,0,1,0,0,0,0,0,0,0,0,0,1,1,0,8,1,3,1932,0,7,481
"날,보러와요",615271,0,0,0,0,0,1,0,0,0,0,0,0,0,0,0,1,0,0,3,0,0,4353,0,7,424
사냥,609141,0,1,0,0,0,0,0,0,0,0,0,0,0,0,0,0,0,0,18,0,3,5209,1,3,696
고질라,614760,0,1,0,1,0,0,0,0,0,0,0,0,0,0,0,0,0,1,3,0,2,1984,2,0,580
헝거게임모킹제이,634718,0,0,0,1,1,0,0,0,0,0,0,0,0,1,0,0,0,0,16,0,3,14780,0,2,587
갓오브이집트,628970,0,0,0,1,1,0,0,0,0,0,0,0,0,0,0,0,0,0,2,0,1,2439,0,2,485
살인의뢰,640815,0,0,0,0,0,1,0,0,0,0,0,0,0,0,0,1,1,0,7,0,0,8238,0,4,481
시간이탈자,663977,0,0,0,0,0,1,0,0,0,0,0,0,0,0,0,0,1,0,12,0,3,7164,4,3,673
공각기동대고스트인더쉘,651472,0,0,0,1,0,1,0,0,0,0,0,0,0,0,0,0,1,0,7,0,3,4457,4,1,763
라이트아웃,706849,0,0,0,0,0,0,0,0,0,1,0,0,0,0,0,0,0,1,1,0,2,2011,0,4,425
악녀,679877,0,1,0,0,0,0,0,0,0,0,0,0,0,0,0,1,0,1,0,1,2,3562,1,1,563
드라큘라전설의시작,680445,0,1,0,1,0,0,0,0,0,0,0,0,0,0,0,0,0,0,3,0,1,2897,6,3,347
상의원,676632,1,0,0,0,0,0,1,0,0,0,0,0,0,0,0,0,0,0,14,0,3,8746,1,4,466
레전드오브타잔,672498,0,1,0,0,1,0,0,0,0,0,0,0,0,0,0,0,0,0,7,0,2,2640,1,3,540
퓨리,707809,1,1,0,0,0,0,0,0,0,0,0,0,0,0,0,0,0,1,9,0,0,4734,0,2,517
박물관이살아있다비밀의무덤,692443,0,0,1,0,1,0,0,0,0,0,0,0,0,1,0,0,1,0,8,0,2,3273,0,4,428
맨인더다크,708515,0,0,0,0,0,1,0,0,0,0,0,0,0,0,0,1,1,0,1,0,1,2623,1,2,473
우아한거짓말,725190,1,0,0,0,0,0,0,0,0,0,0,0,0,0,0,0,1,0,4,2,0,163,0,2,485
불한당나쁜놈들의세상,712525,0,1,0,0,0,1,0,0,0,0,0,0,0,0,0,1,0,1,11,1,3,3041,0,2,800
말레피센트,751511,0,1,0,0,1,0,0,0,0,0,0,0,0,0,0,0,0,0,5,0,0,4072,0,6,433
허삼관,716990,1,0,0,0,0,0,0,0,0,0,0,0,0,0,0,0,0,1,15,0,2,10731,0,4,584
간신,726072,0,0,0,0,0,0,1,0,0,0,0,0,0,0,0,1,0,1,13,3,3,4570,0,4,674
성난변호사,729895,0,1,0,0,0,1,0,0,0,0,0,0,0,0,0,0,1,0,7,0,3,2973,0,2,607
오빠생각,731110,1,0,0,0,0,0,0,0,0,0,0,1,0,0,0,0,0,1,5,3,2,8257,0,4,841
손님,720435,0,0,0,1,0,0,0,0,0,1,0,0,0,0,0,0,0,0,11,0,3,7780,0,6,493
나를찾아줘,773746,0,0,0,0,0,1,0,0,0,0,0,0,0,0,0,1,0,1,0,0,2,1592,0,4,549
라라랜드,794179,1,0,0,0,0,0,0,0,0,0,0,0,1,0,0,0,0,1,2,0,0,2499,0,4,712
빅매치,758352,0,1,0,0,0,0,0,0,0,0,0,0,0,0,0,0,1,0,10,1,2,4634,0,4,618
특별수사사형수의편지,764396,1,0,0,0,0,1,0,0,0,0,0,0,0,0,0,0,1,0,23,1,2,3052,0,3,675
대립군,746783,1,0,0,0,0,0,1,0,0,0,0,0,0,0,0,0,1,0,14,1,2,2929,2,4,809
매그니피센트7,756010,0,1,0,0,0,0,1,0,0,0,0,0,0,0,1,0,0,1,13,0,1,2669,0,4,564
그놈이다,787901,0,0,0,0,0,1,0,0,0,0,0,0,0,0,0,0,0,1,10,0,0,5658,3,4,510
이미테이션게임,808365,1,0,0,0,0,1,0,0,0,0,0,0,0,0,1,0,0,1,5,0,0,7140,6,2,414
"당신,거기있어줄래요",784933,1,0,0,1,0,0,0,0,0,0,0,0,0,0,0,0,0,1,12,1,3,8363,2,0,756
컨저링2,827336,0,0,0,0,0,0,0,0,0,1,0,0,0,1,0,0,1,0,6,0,2,7907,0,3,466
슬로우비디오,864184,1,0,1,0,0,0,0,0,0,0,0,0,0,0,0,0,0,0,6,1,2,8508,0,9,596
스타트렉비욘드,819394,0,1,0,1,0,0,0,0,0,0,0,0,0,0,0,0,1,0,16,0,3,3766,1,1,701
인간중독,851490,1,0,0,0,0,0,0,1,0,0,0,0,0,0,0,1,0,0,4,2,2,5486,1,2,576
가디언즈오브갤럭시,856783,0,1,0,0,1,0,0,0,0,0,0,0,0,0,0,0,1,0,4,0,0,7337,1,4,497
워크래프트전쟁의서막,851214,0,1,0,0,1,0,0,0,0,0,0,0,0,0,0,0,0,1,2,0,1,14521,0,3,715
노무현입니다,873954,0,0,0,0,0,0,0,0,1,0,0,0,0,0,0,0,0,1,0,0,0,45099,1,3,580
쎄시봉,875073,0,0,1,0,0,0,0,1,0,0,0,0,0,0,0,0,1,0,16,2,3,12076,0,6,757
인턴,930715,0,0,1,0,0,0,0,0,0,0,0,0,0,0,1,0,0,0,6,0,2,5224,0,7,353
장산범,879338,0,0,0,0,0,1,0,0,0,0,0,0,0,0,0,0,0,1,3,1,2,7814,2,3,621
미씽사라진여자,884449,0,0,0,0,0,1,0,0,0,0,0,0,0,0,0,0,0,1,7,0,0,4785,1,3,633
로그원스타워즈스토리,872433,0,1,0,0,1,0,0,0,0,0,0,0,0,1,0,0,0,1,2,0,0,3189,1,1,907
차이나타운,908156,1,0,0,0,0,1,0,0,0,0,0,0,0,0,0,1,1,0,5,0,0,5953,2,5,443
대호,929343,0,0,0,0,0,0,1,0,0,0,0,0,0,0,0,0,0,1,7,1,2,8397,4,3,892
제보자,997945,1,0,0,0,0,0,0,0,0,0,0,0,0,0,0,0,1,0,10,1,0,3728,0,9,676
인투더스톰,917400,0,1,0,0,0,1,0,0,0,0,0,0,0,0,0,0,0,1,2,0,2,1559,2,5,423
탐정홍길동사라진마을,949965,1,1,0,0,0,0,0,0,0,0,0,0,0,0,0,0,0,1,6,1,3,6179,0,4,669
엑소더스신들과왕들,964633,1,0,0,0,0,0,0,0,0,0,0,0,0,0,0,0,1,0,4,0,2,4163,4,1,756
나의사랑나의신부,982440,0,0,1,0,0,0,0,1,0,0,0,0,0,0,0,0,0,1,5,0,0,8499,6,3,577
뷰티인사이드,989052,0,0,0,1,0,0,0,1,0,0,0,0,0,0,0,0,0,0,33,0,2,17219,0,2,633
끝까지간다,1045395,0,1,0,0,0,1,0,0,0,0,0,0,0,0,0,0,0,0,8,0,3,1320,0,6,629
메이즈러너,1041125,0,1,0,0,0,1,0,0,0,0,0,0,0,0,0,0,1,0,0,0,2,35841,0,1,472
벤허,1003113,1,0,0,0,1,0,0,0,0,0,0,0,0,0,1,0,1,0,7,0,3,1449,0,4,547
더폰,1028591,0,1,0,0,0,1,0,0,0,0,0,0,0,0,0,0,1,0,7,0,2,5205,0,6,705
임금님의사건수첩,1111569,0,0,1,0,1,0,0,0,0,0,0,0,0,0,0,0,0,1,6,1,3,3320,2,5,934
해빙,1006919,0,0,0,0,0,1,0,0,0,0,0,0,0,0,0,0,0,1,12,0,3,8972,2,2,828
셜록유령신부,1086912,1,0,0,0,0,1,0,0,0,0,0,0,0,0,0,0,0,0,6,0,0,12494,3,7,831
킹스맨시크릿에이전트,1198680,0,1,0,0,0,1,0,0,0,0,0,0,0,0,0,1,0,1,4,0,2,2480,4,6,510
에이리언커버넌트,1063197,0,0,0,1,0,1,0,0,0,0,0,0,0,1,0,0,0,1,4,0,2,7635,4,2,841
스파이,1093611,0,1,1,0,0,0,0,0,0,0,0,0,0,0,0,0,1,0,10,0,2,2016,0,4,636
두근두근내인생,1248685,1,0,0,0,0,0,0,0,0,0,0,0,0,0,1,0,0,0,7,0,3,15718,2,6,612
레버넌트죽음에서돌아온자,1120352,1,0,0,0,1,0,0,0,0,0,0,0,0,0,0,0,0,0,9,0,2,5179,0,2,704
샌안드레아스,1138629,1,1,0,0,0,0,0,0,0,0,0,0,0,0,0,0,1,0,6,0,2,3676,1,1,701
브이아이피,1149372,1,0,0,0,0,1,0,0,0,0,0,0,0,0,0,1,1,0,19,2,2,8614,2,2,851
해무(海霧),1138295,1,0,0,0,0,0,0,0,0,0,0,0,0,0,0,1,1,0,14,0,2,7489,0,4,580
매드맥스분노의도로,1166975,0,1,0,0,1,0,0,0,0,0,0,0,0,0,0,0,0,1,4,0,2,2005,0,2,765
인디펜던스데이리써전스,1170530,0,1,0,0,1,0,0,0,0,0,0,0,0,1,0,0,1,0,1,0,2,4825,2,2,844
악의연대기,1183194,0,0,0,0,0,1,0,0,0,0,0,0,0,0,0,0,1,0,6,0,3,5113,0,2,693
특별시민,1208488,1,0,0,0,0,0,0,0,0,0,0,0,0,0,0,0,0,1,21,0,3,4647,2,5,1154
콩스컬아일랜드,1195510,0,1,0,0,1,0,0,0,0,0,0,0,0,0,0,0,0,0,8,0,2,2936,0,1,780
굿바이싱글,1242417,1,0,1,0,0,0,0,0,0,0,0,0,0,0,0,0,0,1,8,0,3,6176,1,3,661
오늘의연애,1214638,0,0,1,0,0,0,0,1,0,0,0,0,0,0,0,0,1,0,1,3,3,19766,0,4,577
미스페레그린과이상한아이들의집,1253955,0,0,0,1,0,1,0,0,0,0,0,0,0,0,0,0,0,1,14,0,2,8695,0,6,480
겟아웃,1261443,0,0,0,0,0,1,0,0,0,1,0,0,0,0,0,0,0,1,0,0,1,5068,0,2,531
강남1970,1289783,1,1,0,0,0,0,0,0,0,0,0,0,0,0,0,1,1,0,11,3,3,21361,0,4,684
23아이덴티티,1316094,0,0,0,0,0,1,0,0,0,0,0,0,0,0,0,0,1,0,4,0,1,3751,2,7,503
조선명탐정사라진놉의딸,1504049,0,0,1,0,0,0,1,0,0,0,0,0,0,1,0,0,1,0,17,1,3,7406,4,6,740
메이즈러너스코치트라이얼,1314982,0,1,0,1,0,0,0,0,0,0,0,0,0,1,0,0,0,1,4,0,2,35841,2,2,680
재심,1370817,1,0,0,0,0,0,0,0,0,0,0,0,0,0,0,0,1,0,10,0,0,6797,4,5,727
로건,1312794,0,1,0,1,0,0,0,0,0,0,0,0,0,0,0,1,0,1,6,0,2,4093,2,2,849
봉이김선달,1321839,0,0,0,0,0,0,1,0,0,0,0,0,0,0,0,0,0,0,8,1,3,20055,1,1,747
형,1461481,1,0,1,0,0,0,0,0,0,0,0,0,0,0,0,0,1,0,7,1,3,25600,1,1,744
테이큰3,1405631,0,1,0,0,0,1,0,0,0,0,0,0,0,1,0,0,0,1,13,0,2,8326,3,5,614
007스펙터,1412150,0,1,0,0,1,0,0,0,0,0,0,0,0,1,0,0,0,0,7,0,1,6919,4,1,991
루시,1514733,0,1,0,0,0,0,0,0,0,0,0,0,0,0,1,1,0,1,13,0,1,12047,2,6,441
스물,1475615,1,0,1,0,0,0,0,0,0,0,0,0,0,0,0,0,1,0,3,0,2,27413,2,1,786
표적,1422460,1,1,0,0,0,0,0,0,0,0,0,0,0,0,0,0,0,1,18,1,3,1717,1,2,576
스타워즈깨어난포스,1563846,0,1,0,0,1,0,0,0,0,0,0,0,0,1,0,0,0,1,5,0,0,14170,2,3,903
노아,1414009,1,0,0,0,1,0,0,0,0,0,0,0,0,0,0,0,0,1,14,0,3,1674,0,2,809
분노의질주더세븐,1464107,0,1,0,0,0,1,0,0,0,0,0,0,0,1,0,0,0,1,13,0,1,7601,0,0,774
박열,1457647,1,0,0,0,0,0,0,0,0,0,0,0,0,0,0,0,0,0,5,9,0,7265,1,3,917
공조,1621572,0,1,0,0,0,0,0,0,0,0,0,0,0,0,0,0,0,1,15,2,3,9879,1,2,900
조작된도시,1511076,0,1,0,0,0,1,0,0,0,0,0,0,0,0,0,0,0,1,3,1,3,12267,2,7,771
탐정더비기닝,1532215,0,0,1,0,0,1,0,0,0,0,0,0,0,0,1,0,0,1,10,1,3,3319,0,7,486
호빗다섯군대전투,1654411,0,0,0,1,1,0,0,0,0,0,0,0,0,1,0,0,0,1,8,0,2,16936,0,2,900
원더우먼,1587711,0,1,0,0,1,0,0,0,0,0,0,0,0,0,0,0,1,0,5,0,2,3222,2,4,941
극비수사,1685772,1,0,0,0,0,1,0,0,0,0,0,0,0,0,0,0,1,0,16,3,3,9189,0,4,722
배트맨대슈퍼맨저스티스의시작,1646940,0,1,0,0,1,0,0,0,0,0,0,0,0,1,0,0,1,0,11,0,2,16024,0,4,1625
앤트맨,1680869,0,1,0,1,0,0,0,0,0,0,0,0,0,0,0,0,0,1,2,0,0,6457,0,4,858
수어사이드스쿼드,1644839,0,1,0,0,0,0,0,0,0,0,0,0,0,0,0,0,1,0,6,0,2,32475,0,3,733
프리즌,1700909,0,1,0,0,0,1,0,0,0,0,0,0,0,0,0,1,0,1,12,0,3,8022,0,5,909
신의한수,1741055,0,1,0,0,0,1,0,0,0,0,0,0,0,0,0,1,1,0,19,1,3,2407,1,1,664
기술자들,1778083,0,1,0,0,0,1,0,0,0,0,0,0,0,0,0,0,1,0,9,1,3,24306,1,4,641
보안관,1716624,0,0,1,0,0,1,0,0,0,0,0,0,0,0,0,0,0,1,15,0,3,2752,3,6,669
캡틴아메리카윈터솔져,1766727,0,1,0,0,1,0,0,0,0,0,0,0,0,1,0,0,1,0,7,0,0,1969,2,0,938
분노의질주더익스트림,1794978,0,1,0,0,0,1,0,0,0,0,0,0,0,1,0,0,1,0,16,0,1,9867,1,1,1238
덩케르크,1813294,1,1,0,0,0,0,0,0,0,0,0,0,0,0,0,0,1,0,4,0,2,6381,1,5,1252
캐리비안의해적죽은자는말이없다,1865118,0,1,0,0,1,0,0,0,0,0,0,0,0,1,0,0,0,1,10,0,0,12939,0,2,1357
판도라,1947524,1,0,0,0,0,1,0,0,0,0,0,0,0,0,0,0,1,0,15,1,2,8338,0,4,1029
귀향,1907746,1,0,0,0,0,0,0,0,0,0,0,0,0,0,0,0,0,0,0,0,0,581,0,6,513
엑스맨아포칼립스,1907570,0,1,0,0,1,0,0,0,0,0,0,0,0,1,0,0,0,0,11,0,2,14705,3,1,1220
연평해전,2068328,1,0,0,0,0,0,0,0,0,0,0,0,0,0,0,0,0,1,7,0,2,28626,3,3,667
어메이징스파이더맨2,1993958,0,1,0,1,0,0,0,0,0,0,0,0,0,1,0,0,1,0,2,0,0,3680,1,1,1145
터미네이터제니시스,1986382,0,1,0,0,1,0,0,0,0,0,0,0,0,1,0,0,0,1,4,0,3,28154,0,0,1086
히말라야,2081648,1,0,0,0,0,0,0,0,0,0,0,0,0,0,0,0,1,0,15,2,3,13693,4,3,1009
제이슨본,2016091,0,1,0,0,0,1,0,0,0,0,0,0,0,0,0,0,0,1,8,0,1,13139,0,3,771
트랜스포머최후의기사,2015437,0,1,0,0,1,0,0,0,0,0,0,0,0,1,0,0,1,0,12,0,3,16721,3,1,1739
혹성탈출반격의서막,2091249,1,1,0,0,0,0,0,0,0,0,0,0,0,1,0,0,1,0,4,0,2,2984,1,3,793
데드풀,2108639,0,1,0,1,0,0,0,0,0,0,0,0,0,0,0,1,0,1,0,0,2,14601,3,4,915
국제시장,2312726,1,0,0,0,0,0,0,0,0,0,0,0,0,0,0,0,0,1,30,2,3,12784,0,2,931
가디언즈오브갤럭시VOL.2,2055994,0,1,0,1,0,0,0,0,0,0,0,0,0,1,0,0,1,0,14,0,0,7337,3,6,1166
나우유씨미2,2166045,0,1,0,0,0,1,0,0,0,0,0,0,0,1,0,0,0,0,9,0,3,9865,0,3,861
타짜-신의손,2432345,1,0,0,0,0,0,0,0,0,0,0,0,0,1,1,1,1,0,9,2,3,7157,2,6,768
사도,2245849,0,0,0,0,0,0,1,0,0,0,0,0,0,0,0,0,0,0,16,7,3,22459,2,2,1123
아수라,2218912,0,1,0,0,0,1,0,0,0,0,0,0,0,0,0,1,0,1,31,2,3,28898,0,6,1262
엣지오브투모로우,2267446,0,1,0,1,0,0,0,0,0,0,0,0,0,0,0,0,0,0,5,0,2,2528,5,2,681
더킹,2372889,1,0,0,0,0,1,0,0,0,0,0,0,0,0,0,0,1,0,14,3,2,17679,1,2,1125
엑스맨데이즈오브퓨처패스트,2270844,0,1,0,1,0,0,0,0,0,0,0,0,0,1,0,0,1,0,10,0,2,4066,0,3,875
검은사제들,2411702,1,0,0,0,0,1,0,0,0,0,0,0,0,0,0,0,1,0,18,0,3,15918,0,4,834
마션,2291525,0,1,0,0,1,0,0,0,0,0,0,0,0,0,0,0,0,1,4,0,2,6812,0,2,1003
덕혜옹주,2398837,1,0,0,0,0,0,1,0,0,0,0,0,0,0,0,0,1,0,16,1,3,20348,0,3,774
쥬라기월드,2350583,0,1,0,0,1,0,0,0,0,0,0,0,0,0,0,0,1,0,2,0,1,15462,0,0,1041
신비한동물사전,2379264,0,0,0,0,1,0,0,0,0,0,1,0,0,0,0,0,1,0,2,0,2,12840,1,3,1091
내부자들,2452790,1,0,0,0,0,1,0,0,0,0,0,0,0,0,0,1,0,1,14,2,3,12198,1,4,907
해적바다로간산적,2557032,0,0,0,0,1,0,0,0,0,0,0,0,0,0,0,0,0,1,7,1,3,4941,2,2,786
아가씨,2503831,1,0,0,0,0,1,0,0,0,0,0,0,0,0,0,1,0,0,20,2,3,21671,0,4,1016
역린,2543482,0,0,0,0,0,0,1,0,0,0,0,0,0,0,0,0,0,1,11,0,3,6255,1,2,947
미이라,2580120,0,1,0,0,1,0,0,0,0,0,0,0,0,0,0,0,0,1,7,0,1,6513,4,2,1257
밀정,3226066,0,1,0,0,0,0,0,0,0,0,0,0,0,0,0,0,1,0,17,3,2,13996,0,5,1221
럭키,2879406,0,0,1,0,0,0,0,0,0,0,0,0,0,0,0,0,0,1,13,1,3,15767,0,4,889
인터스텔라,3046663,0,0,0,1,0,0,0,0,0,0,0,0,0,0,0,0,0,1,8,0,2,11513,0,2,1089
닥터스트레인지,2842766,0,1,0,0,1,0,0,0,0,0,0,0,0,0,0,0,1,0,9,0,0,17810,1,2,1503
청년경찰,2910755,0,1,0,0,0,0,0,0,0,0,0,0,0,0,0,0,0,0,6,0,3,16419,1,5,1102
트랜스포머사라진시대,3087062,0,1,0,1,0,0,0,0,0,0,0,0,0,1,0,0,0,1,3,0,3,8008,0,0,1512
곡성,3212395,0,0,0,0,0,1,0,0,0,0,0,0,0,0,0,0,1,0,21,2,2,15570,0,3,1125
마스터,3835983,0,1,0,0,0,1,0,0,0,0,0,0,0,0,0,0,1,0,39,0,3,18671,0,3,1448
터널,3763657,1,0,0,0,0,0,0,0,0,0,0,0,0,0,0,0,0,1,25,1,3,14152,0,4,820
미션임파서블로그네이션,3779323,0,1,0,0,0,1,0,0,0,0,0,0,0,1,0,0,0,1,10,0,3,8626,2,2,1199
인천상륙작전,3903979,1,0,0,0,0,0,0,0,0,0,0,1,0,0,0,0,0,0,23,1,3,35317,0,3,901
베테랑,3982844,1,1,0,0,0,0,0,0,0,0,0,0,0,0,0,0,0,1,34,4,3,9952,1,1,957
군도민란의시대,3821551,0,1,0,0,0,0,1,0,0,0,0,0,0,0,0,0,0,0,13,1,3,14319,1,2,1250
스파이더맨홈커밍,4301971,0,1,0,0,1,0,0,0,0,0,0,0,0,1,0,0,0,1,0,0,0,15235,1,0,1703
암살,4689826,1,1,0,0,0,0,0,0,0,0,0,0,0,0,0,0,0,1,18,3,3,20846,1,1,1264
어벤져스에이지오브울트론,4664133,0,1,0,0,1,0,0,0,0,0,0,0,0,1,0,0,1,0,42,0,0,96176,0,4,1731
캡틴아메리카시빌워,4871540,0,1,0,1,0,0,0,0,0,0,0,0,0,1,0,0,1,0,17,0,0,55504,3,0,1864
군함도,5185437,1,1,0,0,0,0,0,0,0,0,0,0,0,0,0,0,1,0,25,5,3,97770,4,1,2027
택시운전사,5812874,1,0,0,0,0,0,0,0,0,0,0,0,0,0,0,0,0,0,25,3,3,45603,0,2,1446
검사외전,6405797,0,0,1,0,0,1,0,0,0,0,0,0,0,0,1,0,0,0,24,0,3,46891,1,3,1268
부산행,6659075,0,1,0,0,0,1,0,0,0,0,0,0,0,0,0,0,1,0,10,0,2,62952,1,2,1571
명량,7329679,0,1,0,0,0,0,1,0,0,0,0,0,0,0,0,0,0,1,20,2,3,13639,1,2,1159
