title,aud_total,holiday,drama,comedy,advanture,criminal.thrill,documentary,horror,family,etc,series,aud_18,director,distributor_value,expect,positive,comp_3,first_day_aud,screen
트럼보,50396,0,1,0,0,0,0,0,0,0,0,0,0,0,1405,0.966101695,7,17920,591
포레스트죽음의숲,50460,0,0,0,0,0,0,1,0,0,0,0,0,1,1031,0.388059701,2,10107,569
유스,50690,0,1,0,0,0,0,0,0,0,0,0,0,0,827,0.951566952,6,8727,129
더비지트,52197,0,0,0,0,1,0,1,0,0,0,0,0,1,1089,0.666666667,2,16466,553
드래곤블레이드,52867,0,0,0,1,0,0,0,0,0,0,0,1,3,603,0.916666667,4,15410,511
지금은맞고그때는틀리다,53086,1,1,0,0,0,0,0,0,0,0,1,0,2,945,0.952464789,7,10455,109
오두막,53780,0,1,0,0,0,0,0,0,0,0,0,0,0,727,0.967065868,4,13209,778
대니콜린스,53903,0,1,0,0,0,0,0,0,0,0,0,0,0,764,0.99009901,1,17576,598
위아영,54084,0,1,1,0,0,0,0,0,0,0,0,0,0,548,0.907692308,2,13654,469
나이트크롤러,54620,0,1,0,0,1,0,0,0,0,0,1,0,0,895,0.955223881,5,17783,458
파라노말액티비티더고스트디멘션,54750,0,0,0,0,1,0,1,0,0,1,0,0,0,927,0.75,3,21724,656
잡아야산다,54951,0,0,1,0,0,0,0,0,0,0,0,0,0,5748,0.857142857,6,19524,417
그물,55239,0,1,0,0,0,0,0,0,0,0,0,0,2,1501,0.818181818,1,16122,755
러덜리스,55402,0,1,1,0,0,0,0,0,0,0,0,0,0,351,0.964705882,6,12198,229
드레스메이커,55729,0,1,0,0,0,0,0,0,0,0,0,0,0,1191,0.942307692,7,18977,349
태풍이지나가고,56150,0,1,0,0,0,0,0,0,0,0,0,0,0,745,0.984575835,3,5995,111
본투비블루,56587,0,1,0,0,0,0,0,0,0,0,1,0,0,851,0.9943101,3,13329,271
더보이,56660,0,0,0,0,1,0,1,0,0,0,0,0,0,3258,0.958333333,4,9744,348
경주,57297,0,1,1,0,0,0,0,0,0,0,0,0,0,1465,0.765625,4,19957,632
더퍼지거리의반란,59422,1,0,0,0,1,0,1,0,0,0,1,0,1,683,0.779661017,3,26148,401
두남자,60015,0,0,0,0,1,0,0,0,0,0,1,0,0,2504,0.909090909,3,25553,772
마담프루스트의비밀정원,60023,0,1,0,0,0,0,0,0,0,0,0,0,0,569,0.98089172,1,5934,74
주온더파이널,60589,0,0,0,0,0,0,1,0,0,1,0,0,1,780,0.611111111,1,21224,635
파더앤도터,60631,0,1,0,0,0,0,0,0,0,0,0,0,0,1924,0.887700535,5,27444,703
극장판파워레인저닌자포스VS트레인포스닌자인원더랜드,61532,0,0,0,0,0,0,0,0,0,0,0,0,2,436,0.994382022,4,4600,455
최악의하루,62221,0,0,0,0,0,0,0,0,0,0,0,0,0,1204,0.981549815,4,14707,395
기생수파트2,63460,0,0,0,0,1,0,0,0,0,1,1,0,0,2400,0.833333333,2,18578,511
히트맨에이전트47,64087,0,0,0,0,1,0,0,0,0,0,0,0,2,1045,0.827067669,4,18658,532
스티브잡스,64985,0,1,0,0,0,0,0,0,0,0,0,0,1,1606,0.851351351,4,18752,765
번개맨,65375,0,0,0,0,0,0,0,1,0,0,0,1,0,998,0.62745098,7,12498,697
다크플레이스,65413,0,1,0,0,1,0,0,0,0,0,1,0,0,1113,0.891891892,2,18513,510
파리로가는길,66754,0,1,0,0,0,0,0,0,0,0,0,0,0,394,0.857142857,2,9329,158
올레,66865,0,1,1,0,0,0,0,0,0,0,0,0,0,1641,0.926829268,4,25680,668
세상에서고양이가사라진다면,67760,0,1,0,0,0,0,0,0,0,0,0,0,0,1221,0.979166667,3,15244,295
이퀄스,67889,0,1,0,0,0,0,0,0,0,0,0,0,0,2046,0.8125,1,23612,703
어카운턴트,69461,0,0,0,0,1,0,0,0,0,0,0,0,2,609,0.935483871,4,19907,730
어거스트가족의초상,69619,0,1,0,0,0,0,0,0,0,0,0,0,0,634,0.964285714,2,19650,485
매직인더문라이트,69715,0,1,1,0,0,0,0,0,0,0,0,0,0,1000,0.862745098,4,20814,372
선생님의일기,70061,0,1,0,0,0,0,0,0,0,0,0,0,0,566,1,2,20390,291
너와100번째사랑,70574,0,1,0,0,0,0,0,0,0,0,0,0,0,3272,0.953020134,3,12607,233
아메리칸셰프,70629,0,0,1,0,0,0,0,0,0,0,0,0,0,1802,0.991891892,4,9097,179
더서클,70953,0,1,0,0,0,0,0,0,0,0,0,0,0,1208,0.836363636,3,21343,315
언더월드블러드워,72023,0,0,0,0,0,0,0,0,0,0,0,0,1,1409,0.823529412,3,23662,350
파워레인져스더비기닝,72399,0,0,0,1,0,0,0,0,0,0,0,0,2,1391,0.87804878,4,23574,876
엽기적인그녀2,72420,0,0,1,0,0,0,0,0,0,1,0,0,0,9148,0.5,3,32105,766
파도가지나간자리,72481,0,1,0,0,0,0,0,0,0,0,0,0,0,660,0.978571429,1,10450,494
위자,72496,0,0,0,0,1,0,1,0,0,0,0,0,1,879,0.810077519,1,21160,646
패트리어트데이,74250,0,1,0,0,1,0,0,0,0,0,0,0,0,778,0.973262032,2,31538,745
오베라는남자,74290,0,1,0,0,0,0,0,0,0,0,0,0,0,1759,0.987525988,1,18046,457
프리덤,74371,0,1,0,0,0,0,0,1,0,0,0,0,0,786,0.9,4,18137,213
피치퍼펙트언프리티걸즈,74715,0,0,1,0,0,0,0,0,1,0,0,0,1,3246,0.888888889,1,23092,569
엑스마키나,75463,0,0,0,0,1,0,0,0,0,0,1,0,1,1073,0.788461538,4,17707,401
모데카이,75547,1,0,1,0,0,0,0,0,0,0,0,0,0,1023,0.919354839,1,32208,553
"서서평,천천히평온하게",75586,0,0,0,0,0,1,0,0,0,0,0,0,0,1053,0.989795918,5,12227,361
아더우먼,76593,0,0,1,0,0,0,0,0,0,0,0,0,2,829,0.5,1,28514,660
쓰리썸머나잇,76618,0,0,1,0,0,0,0,0,0,0,1,1,0,2529,0.833333333,2,26028,591
지랄발광17세,76740,0,1,1,0,0,0,0,0,0,0,0,0,0,858,0.923076923,3,13363,154
페이스오브러브,76968,0,1,0,0,0,0,0,0,0,0,0,0,0,364,0.987421384,3,17448,421
로스트인더스트,77688,0,1,0,0,1,0,0,0,0,0,0,0,0,298,0.922413793,4,20404,691
오마이그랜파,77782,0,0,1,0,0,0,0,0,0,0,1,0,0,490,0.948717949,2,26648,762
터널3D,78324,0,0,0,0,1,0,1,0,0,0,0,0,0,2869,0.740740741,4,31859,519
더테이블,78352,0,1,0,0,0,0,0,0,0,0,0,0,0,3207,0.931034483,2,16769,525
룸,78643,0,1,0,0,0,0,0,0,0,0,0,0,0,1541,0.994011976,2,25972,639
사일런스,78685,0,1,0,0,0,0,0,0,0,0,0,0,0,1365,0.988950276,3,21977,642
분신사바2,78794,0,0,0,0,1,0,1,0,0,1,0,0,0,976,0.535353535,2,18006,430
원챈스,78816,0,1,1,0,0,0,0,0,0,0,0,0,2,12,0.843137255,2,22650,607
이웃집에신이산다,80522,0,0,1,0,0,0,0,0,0,0,1,0,0,1568,0.725085911,4,14944,120
타임패러독스,81347,0,0,0,0,1,0,0,0,0,0,0,0,0,1321,0.835294118,4,21963,457
씬시티다크히어로의부활,81554,0,0,0,0,1,0,0,0,0,1,1,0,0,1106,0.75308642,1,29444,673
더이퀄라이저,82612,0,0,0,0,1,0,0,0,0,0,1,0,1,1355,0.8,3,25501,506
빅아이즈,83069,0,1,0,0,0,0,0,0,0,0,0,0,0,1261,0.93902439,3,18612,555
스틸앨리스,83113,0,1,0,0,0,0,0,0,0,0,0,0,0,900,0.965517241,5,13047,185
"무현,두도시이야기",84289,0,0,0,0,0,1,0,0,0,0,0,0,0,3817,0.99109528,2,6374,87
세인트빈센트,85668,0,1,1,0,0,0,0,0,0,0,0,0,0,1009,1,3,27209,575
걷기왕,86376,0,1,0,0,0,0,0,0,0,0,0,0,0,1663,0.956043956,3,30615,883
허큘리스,86528,0,0,0,1,0,0,0,0,0,0,0,0,2,594,0.2,2,23837,552
극장판파워레인저트레인포스VS다이노포스THEMOVIE,87593,0,0,0,0,0,0,0,0,0,0,0,0,0,676,0.962962963,1,6667,389
갤로우즈,88769,0,0,0,0,0,0,1,0,0,0,0,0,2,1373,0.555555556,4,28641,539
피터와드래곤,89524,0,0,0,1,0,0,0,1,0,0,0,0,0,292,0.5,6,4944,273
7번째아들,90273,1,0,0,1,0,0,0,1,0,0,0,0,1,635,0.536231884,6,26736,695
포커스,90941,0,0,1,0,1,0,0,0,0,0,0,0,2,627,0.75,5,31640,695
크리미널,92181,0,0,0,0,1,0,0,0,0,0,0,0,0,792,0.903553299,2,29235,681
죽여주는여자,93132,0,1,0,0,0,0,0,0,0,0,1,1,0,1217,0.940540541,1,20563,630
심야식당,94425,0,1,0,0,0,0,0,0,0,0,0,0,0,621,0.991935484,4,15789,337
라이언,95356,0,1,0,0,0,0,0,0,0,0,0,0,0,1118,0.974576271,1,24052,349
바스티유데이,95676,0,0,0,0,0,0,0,0,0,0,0,0,3,1365,0.909090909,4,29479,800
무서운이야기3화성에서온소녀,97095,0,0,0,0,0,0,1,0,0,1,0,0,3,1951,0.720930233,4,24882,617
돌연변이,97618,0,1,1,0,0,0,0,0,0,0,0,0,0,8894,0.744186047,6,28344,743
미라클벨리에,98131,0,1,0,0,0,0,0,0,0,0,0,0,0,1868,0.985074627,2,29046,485
딥워터호라이즌,98899,1,1,0,0,0,0,0,0,0,0,0,0,0,1117,0.933333333,3,27986,858
꾸뻬씨의행복여행,99264,0,1,0,1,0,0,0,0,0,0,0,0,0,1329,0.967741935,4,22413,447
자백,99387,0,0,0,0,0,1,0,0,0,0,0,0,0,9464,0.997019374,4,35353,262
사우스포,100419,0,1,0,0,0,0,0,0,0,0,0,0,0,1836,0.8,4,35275,659
카페소사이어티,101518,1,1,0,0,0,0,0,0,0,0,0,0,0,824,0.936102236,4,23155,392
다이버전트시리즈얼리전트,101658,0,0,0,1,0,0,0,0,0,1,0,0,0,2313,0.931818182,3,31300,762
루시드드림,101821,0,0,0,0,1,0,0,0,0,0,0,0,2,5696,0.911764706,7,45864,920
베리굿걸,103104,0,1,0,0,0,0,0,0,0,0,0,0,0,1435,0.5,1,34723,674
대니쉬걸,103742,0,1,0,0,0,0,0,0,0,0,1,0,1,3482,0.982026144,4,16828,434
도희야,104698,0,1,0,0,0,0,0,0,0,0,1,0,0,1420,0.714285714,3,31396,612
니드포스피드,105083,0,0,0,0,1,0,0,0,0,0,0,0,0,838,0.821917808,3,21233,658
더시그널,105433,0,0,0,0,0,0,0,0,0,0,0,0,3,807,0.6,2,31680,512
더기버기억전달자,105864,0,1,0,0,0,0,0,0,0,0,0,0,0,1522,0.888888889,4,26589,458
마이리틀자이언트,106586,0,0,0,1,0,0,0,1,0,0,0,0,0,1311,0.831683168,4,13569,242
더건맨,107275,0,0,0,0,1,0,0,0,0,0,1,0,3,308,0.75,1,32521,666
우먼인골드,107389,0,1,0,0,0,0,0,0,0,0,0,0,0,540,0.983108108,6,29322,499
다이노소어어드벤처백악기공룡대백과,107391,0,0,0,0,0,1,0,0,0,0,0,0,0,342,0.75,4,43219,541
부활,108041,0,1,0,0,0,0,0,0,0,0,0,0,1,1226,0.964953271,2,10763,181
맨프롬UNCLE,108304,0,0,0,1,0,0,0,0,0,0,0,0,2,557,0.769230769,4,23103,668
헤이트풀8,111398,0,0,0,0,1,0,0,0,0,0,1,0,0,973,0.890738814,6,25104,312
여교사,112774,0,1,0,0,0,0,0,0,0,0,1,0,0,4208,0.74863388,4,39526,752
존윅,114873,0,0,0,0,1,0,0,0,0,0,1,0,0,1842,0.975,4,33498,633
문라이트,115738,0,1,0,0,0,0,0,0,0,0,0,0,0,757,0.954901961,7,18359,343
퇴마무녀굴,119768,0,0,0,0,1,0,1,0,0,0,0,1,0,1993,0.914634146,2,44853,658
시카리오암살자의도시,120563,0,0,0,0,1,0,0,0,0,0,1,0,3,409,0.919282511,4,20563,423
라스트위치헌터,121380,0,0,0,1,0,0,0,0,0,0,0,0,0,1304,0.642857143,3,49558,540
예수는역사다,121791,0,1,0,0,0,0,0,0,0,0,0,0,0,1614,0.842105263,2,21655,402
눈길,122235,0,1,0,0,0,0,0,0,0,0,0,0,0,3833,0.974683544,2,50085,933
시간위의집,127306,0,0,0,0,1,0,0,0,0,0,0,0,0,1987,0.959459459,3,36063,817
맨홀,132604,0,0,0,0,1,0,1,0,0,0,1,0,3,5589,0.428571429,3,59285,564
나의절친악당들,132615,0,0,0,0,1,0,0,0,0,0,1,3,2,1791,0.684210526,1,51486,759
화장,134474,0,1,0,0,0,0,0,0,0,0,1,0,0,3583,0.74,1,33542,633
워터디바이너,134531,0,1,0,0,0,0,0,0,0,0,0,0,3,925,0.902439024,3,40011,647
플로렌스,135502,0,1,0,0,0,0,0,0,0,0,0,0,0,756,0.970588235,4,35080,755
제5침공,135840,0,0,0,1,0,0,0,0,0,0,0,0,1,2777,0.777777778,3,36433,583
가시,137414,0,1,0,0,0,0,0,0,0,0,1,0,0,2456,0.833333333,7,44684,672
보이후드,141979,0,1,0,0,0,0,0,0,0,0,0,0,1,1029,0.974110032,4,16135,419
워킹걸,142262,0,0,1,0,0,0,0,0,0,0,1,0,0,4677,0.5,4,33792,602
13시간,142513,0,1,0,0,0,0,0,0,0,0,0,0,3,770,0.851351351,2,30310,727
은밀한유혹,143502,0,0,0,0,1,0,0,0,0,0,0,1,3,4687,0.909090909,1,44653,779
미스컨덕트,147257,0,0,0,0,1,0,0,0,0,0,0,0,0,1725,0.857142857,2,41297,802
비정규직특수요원,148703,0,0,1,0,0,0,0,0,0,0,0,0,0,2648,0.666666667,1,45662,915
익스펜더블3,150833,0,0,0,1,0,0,0,0,0,1,0,0,3,1069,0.909090909,4,39085,626
아빠를빌려드립니다,157883,0,0,1,0,0,0,0,1,0,0,0,0,0,3445,0.940298507,2,37467,646
더큐어,159929,0,0,0,0,1,0,0,0,0,0,1,0,2,2824,0.897637795,5,50664,813
트랜스포터리퓰드,161245,0,0,0,0,1,0,0,0,0,1,0,0,0,978,0.857142857,2,46135,835
아메리칸울트라,161382,0,0,1,0,0,0,0,0,0,0,1,0,3,2026,0.828571429,2,59993,660
한공주,166288,0,1,0,0,0,0,0,0,0,0,1,0,0,1496,0.947368421,1,25736,414
핵소고지,166783,0,1,0,0,0,0,0,0,0,0,0,0,0,2640,0.992443325,7,47437,861
19곰테드2,167144,0,0,1,0,0,0,0,0,0,1,1,0,1,2859,0.88,1,38448,569
조이,167629,0,1,1,0,0,0,0,0,0,0,0,0,2,2287,0.897058824,2,40227,760
대배우,167975,0,0,1,0,0,0,0,0,0,0,0,0,0,2352,0.954545455,2,50369,928
공범자들,172009,0,0,0,0,0,1,0,0,0,0,0,0,0,10237,0.878947368,3,28522,394
라스트베가스,173225,0,0,1,0,0,0,0,0,0,0,0,0,0,563,0.952830189,2,43592,649
그녀,176985,0,1,0,0,0,0,0,0,0,0,1,0,1,1333,0.966227348,3,21532,317
기생수파트1,178846,0,0,0,0,1,0,0,0,0,0,1,0,0,15045,0.894736842,5,36606,417
"극장판파워레인저다이노포스VS고버스터즈공룡대결전!~안녕,영원한친구여!~",179455,0,0,0,0,0,0,0,0,0,0,0,0,0,762,0.951612903,9,48547,540
레전드,179578,0,0,0,0,1,0,0,0,0,0,1,0,0,1823,0.914285714,5,63550,874
글로리데이,179641,0,1,0,0,0,0,0,0,0,0,0,0,0,26181,0.926666667,4,43018,862
컬러풀웨딩즈,180153,0,0,1,0,0,0,0,0,0,0,0,0,0,1416,0.961538462,1,42630,665
50가지그림자심연,181941,0,1,0,0,0,0,0,0,0,1,1,0,1,3757,0.820359281,7,50343,843
팬,182969,0,0,0,1,0,0,0,0,0,0,0,0,2,2406,0.941176471,2,67495,832
더셰프,184972,0,1,0,0,0,0,0,0,0,0,0,0,0,914,0.971428571,4,46200,769
내사랑,185422,0,1,0,0,0,0,0,0,0,0,0,0,0,1305,1,3,28935,366
론서바이버,186042,0,1,0,0,0,0,0,0,0,0,0,0,1,627,0.953216374,3,39341,570
버드맨,186904,0,1,1,0,0,0,0,0,0,0,1,0,2,2387,0.945392491,3,45182,708
덤앤더머투,187702,0,0,1,0,0,0,0,0,0,0,0,0,0,3986,0.857142857,4,55866,684
그레이스오브모나코,195007,0,1,0,0,0,0,0,0,0,0,0,0,3,720,0.92481203,3,36637,658
남과여,198622,0,0,0,0,0,0,0,0,0,0,1,0,3,10545,0.765060241,3,63271,873
창문넘어도망친100세노인,200277,0,0,1,1,0,0,0,0,0,0,0,0,0,754,0.894736842,3,29213,520
아이엠어히어로,206938,0,0,0,0,0,0,1,0,0,0,1,0,0,1355,0.5,1,46488,359
덕수리5형제,209747,0,0,1,0,1,0,0,0,0,0,0,0,3,1647,0.92987013,2,48288,666
연애의맛,212126,0,0,1,0,0,0,0,0,0,0,1,0,3,1176,0.970588235,2,39541,788
언프렌디드친구삭제,216843,0,0,0,0,1,0,1,0,0,0,0,0,1,4950,0.370967742,2,48083,626
독수리에디,217627,0,1,0,0,0,0,0,0,0,0,0,0,2,1104,0.985074627,7,55920,1031
헤라클레스레전드비긴즈,218635,0,0,0,0,0,0,0,0,0,0,0,0,2,410,0.428571429,7,59570,763
개를훔치는완벽한방법,220468,0,1,0,0,0,0,0,1,0,0,0,0,0,5046,0.967391304,3,80633,401
어느날,226751,0,0,0,0,0,0,0,0,0,0,0,0,0,3837,0.840277778,3,53319,942
나의소녀시대,227216,0,1,0,0,0,0,0,0,0,0,0,0,0,7104,0.919155715,3,18555,262
쓰리데이즈투킬,227286,0,0,0,0,1,0,0,0,0,0,0,1,3,360,0.6,2,51711,674
하늘을걷는남자,232989,0,1,0,0,0,0,0,0,0,0,0,0,1,1338,0.960159363,4,37160,765
옥자,233925,0,0,0,1,0,0,0,0,0,0,0,3,2,12426,0.986687661,1,49479,190
닌자터틀어둠의히어로,234385,0,0,0,1,0,0,0,0,0,1,0,0,3,2151,0.787878788,3,56687,1005
순정,236301,0,1,0,0,0,0,0,0,0,0,0,0,0,31698,0.98245614,6,103169,902
툼스톤,239711,0,0,0,0,1,0,0,0,0,0,1,0,0,1097,0.666666667,1,52561,745
스포트라이트,240008,0,1,0,0,1,0,0,0,0,0,0,0,0,1122,0.986595174,6,38418,607
소셜포비아,241506,0,1,0,0,1,0,0,0,0,0,0,0,0,5302,0.887850467,4,53418,709
노벰버맨,246457,0,0,0,0,1,0,0,0,0,0,0,0,3,569,0.879699248,1,65042,734
비밀은없다,247022,0,0,0,0,1,0,0,0,0,0,1,0,3,3971,0.670588235,3,100854,937
언브로큰,255019,0,1,0,0,0,0,0,0,0,0,0,0,1,3318,0.903703704,4,54852,730
캐롤,255357,1,1,0,0,0,0,0,0,0,0,1,0,0,1191,0.954627949,2,32718,325
존윅-리로드,255641,0,0,0,0,1,0,0,0,0,1,1,0,0,1842,0.910652921,7,65642,437
함정,257675,0,0,0,0,1,0,0,0,0,0,1,0,0,2023,0.823529412,3,80520,752
스파이브릿지,258229,0,1,0,0,1,0,0,0,0,0,0,0,2,878,0.966165414,4,49375,723
투모로우랜드,262992,0,0,0,1,0,0,0,0,0,0,0,0,0,1272,0.690322581,2,45674,841
백투더비기닝,263966,0,0,0,0,1,0,0,0,0,0,0,0,3,479,0.96,5,94312,746
오큘러스,264631,0,0,0,0,1,0,1,0,0,0,0,0,0,1603,0.727272727,6,59751,577
사랑에대한모든것,265059,0,0,0,0,0,0,0,0,0,0,0,0,1,2704,0.92,1,59381,758
아메리칸스나이퍼,269728,0,0,0,0,0,0,0,0,0,0,1,0,2,1823,0.98603352,4,44388,582
선오브갓,279251,0,1,0,0,0,0,0,0,0,0,0,0,0,2460,0.9408867,7,48226,694
인서전트,279650,0,0,0,0,0,0,0,0,0,1,0,0,3,3194,0.785714286,1,63923,882
"러브,로지",281982,0,0,1,0,0,0,0,0,0,0,0,0,2,2861,0.879518072,1,66379,705
혼숨,282054,0,0,0,0,0,0,1,0,0,0,0,0,0,4178,0.523809524,2,57423,861
런올나이트,286202,0,0,0,0,1,0,0,0,0,0,1,0,2,1118,0.901098901,3,63051,724
포인트브레이크,292174,0,0,0,0,1,0,0,0,0,0,0,0,1,1262,0.957746479,6,67481,727
플립,294724,0,1,0,0,0,0,0,0,0,0,0,0,0,10110,0.977469671,3,31636,391
미녀와야수,297681,0,0,0,0,0,0,0,0,0,0,0,0,2,8894,0.980857108,3,42995,685
위대한소원,299770,0,1,1,0,0,0,0,0,0,0,0,0,2,3408,0.896666667,3,93746,1045
레드카펫,300480,0,0,1,0,0,0,0,0,0,0,0,0,0,4017,0.916666667,4,64600,760
구스범스,301655,0,0,0,1,0,0,0,0,0,0,0,0,1,2541,0.945121951,2,66529,919
패딩턴,304134,0,0,1,0,0,0,0,1,0,0,0,0,3,1592,0.925,4,52386,703
도리화가,308033,0,1,0,0,0,0,0,0,0,0,0,0,3,12459,0.884615385,3,90195,1094
주피터어센딩,308880,1,0,0,0,0,0,0,0,0,0,0,0,2,1428,0.578947368,6,90347,1101
히든피겨스,315837,0,1,0,0,0,0,0,0,0,0,0,0,2,1921,0.994285714,5,52376,832
하이힐,317085,0,0,0,0,1,0,0,0,0,0,1,3,3,2252,0.882352941,3,67974,676
극적인하룻밤,318156,0,0,1,0,0,0,0,0,0,0,1,0,0,2589,0.804195804,4,71751,784
그랜드부다페스트호텔,321715,0,0,0,1,1,0,0,0,0,0,1,0,2,333,0.972168285,2,23969,161
위자저주의시작,322310,0,0,0,0,0,0,1,0,0,0,0,0,1,879,0.890577508,3,48838,733
에베레스트,328744,1,1,0,1,0,0,0,0,0,0,0,0,1,1559,0.888888889,7,61282,657
사랑하기때문에,338588,0,0,1,0,0,0,0,0,0,0,0,0,2,7040,0.91283293,4,99973,991
숲속으로,341389,0,0,0,0,0,0,0,0,1,0,0,0,0,3514,0.327868852,4,152685,707
클로버필드10번지,343186,0,0,0,0,1,0,0,0,0,0,0,0,3,1517,0.776923077,7,100018,1008
싱글라이더,344469,0,1,0,0,0,0,0,0,0,0,0,0,2,3838,0.900826446,7,106872,1085
치외법권,345552,0,0,0,0,0,0,0,0,0,0,0,0,0,3298,0.772727273,2,101831,836
석조저택살인사건,347567,0,0,0,0,1,0,0,0,0,0,0,0,0,1987,0.973684211,2,115074,953
소수의견,352913,0,1,0,0,0,0,0,0,0,0,0,0,1,5222,0.953571429,3,76253,763
어쌔신크리드,354032,0,0,0,1,0,0,0,0,0,0,0,0,2,5645,0.843537415,2,103267,1097
경성학교사라진소녀들,354119,0,1,0,0,1,0,0,0,0,0,0,0,3,8640,0.865671642,4,111513,946
"님아,그강을건너지마오",354503,0,0,0,0,0,1,0,0,0,0,0,0,0,8651,0.985182899,4,24611,369
그레이의50가지그림자,357499,0,1,0,0,0,0,0,0,0,0,1,0,1,3757,0.820359281,5,130696,1022
언더워터,374330,0,0,0,0,1,0,1,0,0,0,0,0,1,1508,0.974358974,3,58033,772
나의독재자,378635,0,1,0,0,0,0,0,0,0,0,0,0,3,2953,0.846311475,2,121474,1291
보통사람,379023,0,1,0,0,0,0,0,0,0,0,0,0,0,2459,0.92033543,5,85439,1241
빅쇼트,379951,0,1,0,0,0,0,0,0,0,0,1,0,3,1085,0.894977169,4,59295,818
내심장을쏴라,382608,0,1,0,0,0,0,0,0,0,0,0,0,0,6860,0.966101695,3,104937,852
무뢰한,385781,0,0,0,0,0,0,0,0,0,0,1,0,0,4059,0.763033175,2,94314,956
싱스트리트,394504,0,1,0,0,0,0,0,0,0,0,0,0,0,1449,0.98690671,4,67363,952
판타스틱4,398864,0,0,0,0,0,0,0,0,0,0,0,0,2,3209,0.612244898,2,120729,868
좋은친구들,403788,0,1,0,0,1,0,0,0,0,0,1,0,3,2153,0.923076923,3,117988,702
주온끝의시작,407480,0,0,0,0,0,0,1,0,0,1,0,0,2,1608,0.34375,2,86862,699
킹아서제왕의검,414433,0,0,0,0,0,0,0,0,0,0,0,0,2,1115,0.952380952,2,120317,1121
다이버전트,418142,0,0,0,0,0,0,0,0,0,0,0,0,3,630,0.808917197,3,65493,951
계춘할망,418734,0,1,0,0,0,0,0,1,0,0,0,2,0,6385,0.960923623,4,83702,998
비긴어게인,419145,0,0,0,0,0,0,0,0,0,0,0,0,0,1276,0.98929909,4,37848,377
"로봇,소리",422590,1,1,0,0,0,0,0,0,0,0,0,1,3,5859,0.923694779,1,119046,1210
나를잊지말아요,423372,0,0,0,0,0,0,0,0,0,0,0,0,3,6851,0.64,6,126325,1027
원라인,425019,0,0,0,0,1,0,0,0,0,0,0,0,2,3962,0.97260274,1,93754,1207
"협녀,칼의기억",425752,0,0,0,0,0,0,0,0,0,0,0,0,3,5465,0.627906977,2,182971,1134
해어화,427642,0,1,0,0,0,0,0,0,0,0,0,0,3,9015,0.935064935,3,109851,1103
위험한상견례2,435214,0,0,1,0,0,0,0,0,0,1,0,2,3,2757,0.81270903,5,50754,763
오피스,438377,0,0,0,0,1,0,0,0,0,0,0,0,0,3593,0.712328767,4,109082,791
헌츠맨윈터스워,439357,0,0,0,1,0,0,0,0,0,0,0,0,1,2702,0.850574713,3,134122,994
마담뺑덕,449053,0,0,0,0,0,0,0,0,0,0,1,1,3,7380,0.556451613,9,162666,1045
헬머니,452470,0,0,1,0,0,0,0,0,0,0,1,1,2,6556,0.777777778,3,79895,748
리얼,453687,0,0,0,0,0,0,0,0,0,0,1,0,3,25803,0.272916667,3,208589,1888
거울나라의앨리스,461244,1,0,0,1,0,0,0,1,0,1,0,0,0,7616,0.959028832,5,36804,871
순수의시대,463616,0,1,0,0,0,0,0,0,0,0,1,2,3,7092,0.534883721,3,131533,1035
소녀괴담,468894,0,0,0,0,1,0,1,0,0,0,0,0,0,3750,0.6,1,77196,741
트리플엑스리턴즈,472475,0,0,0,1,0,0,0,0,0,1,0,0,3,1709,0.962025316,5,113424,1122
얼라이드,474109,0,1,0,0,1,0,0,0,0,0,0,0,3,1400,0.96519411,2,91236,984
그레이트월,496550,0,0,0,0,0,0,0,0,0,0,0,0,1,1501,0.8625,5,98350,1191
고스트버스터즈,499841,0,0,1,0,0,0,0,0,0,0,0,0,1,2374,0.903797468,4,74938,856
가려진시간,502419,0,1,0,0,0,0,0,0,0,0,0,0,3,12208,0.915948276,3,150334,1756
스텝업올인,511222,1,1,0,0,0,0,0,0,0,1,0,0,0,2473,0.934545455,6,63569,555
몬스터,512722,0,0,0,0,1,0,0,0,0,0,1,1,3,83,0.755555556,2,149547,958
메카닉리크루트,526865,0,0,0,0,1,0,0,0,0,0,0,0,0,2497,0.857142857,1,141560,588
미비포유,537671,0,1,0,0,0,0,0,0,0,0,0,0,2,5859,0.970238095,4,61896,779
황제를위하여,557820,0,0,0,0,1,0,0,0,0,0,1,0,0,2734,0.483568075,1,94023,747
채피,559078,0,0,0,0,1,0,0,0,0,0,0,0,1,2671,0.871794872,4,103199,1047
설리허드슨강의기적,562204,0,1,0,0,0,0,0,0,0,0,0,0,2,2082,0.981424149,6,107454,1073
패션왕,568175,0,1,1,0,0,0,0,0,0,0,0,1,2,39795,0.640350877,2,105494,1041
열정같은소리하고있네,573654,0,1,0,0,0,0,0,0,0,0,0,2,2,8738,0.951612903,3,115907,1116
아빠는딸,579369,0,0,1,0,0,0,0,0,0,0,0,0,0,5211,0.95,1,72569,924
47미터,588045,0,0,0,0,1,0,1,0,0,0,0,0,0,3483,0.685714286,4,138247,1147
우는남자,588477,0,1,0,0,0,0,0,0,0,0,1,1,3,2136,0.6,2,236484,1008
컨택트,591671,0,1,0,0,0,0,0,0,0,0,0,0,1,2339,0.947568127,2,120420,1067
"안녕,헤이즐",593859,0,1,0,0,0,0,0,0,0,0,0,0,2,2251,0.947696139,4,72573,514
널기다리며,595871,0,0,0,0,1,0,0,0,0,0,1,0,2,3993,0.864864865,2,99583,933
서부전선,597246,1,1,0,0,0,0,0,0,0,0,0,0,3,4085,0.720101781,7,101284,988
잭리처네버고백,603353,0,0,0,0,1,0,0,0,0,1,0,0,3,1974,0.919161677,3,174085,1282
특종량첸살인기,609717,0,0,0,0,1,0,0,0,0,0,0,1,3,2717,0.975609756,6,169285,1543
신데렐라,611808,0,0,0,0,0,0,0,0,0,0,0,0,0,4666,0.965451056,3,88390,855
조선마술사,620360,0,1,0,0,0,0,0,0,0,0,0,2,3,13233,0.715789474,3,224657,1179
그날의분위기,623241,0,0,0,0,0,0,0,0,0,0,0,0,3,8071,0.897959184,2,143454,1167
인페르노,644334,0,0,0,0,1,0,0,0,0,0,0,0,1,2279,0.935424354,1,123420,1477
사냥,644367,0,0,0,0,0,0,0,0,0,0,0,0,3,5209,0.420824295,3,234746,1361
런던해즈폴른,665623,0,0,0,0,1,0,0,0,0,0,0,0,0,1325,0.952970297,2,85110,933
국가대표2,666005,0,1,0,0,0,0,0,0,0,1,0,0,0,7290,0.979890311,4,143887,1113
트랜센던스,666325,0,0,0,0,0,0,0,0,0,0,0,0,3,2385,0.852242744,2,103254,717
브리짓존스의베이비,668245,0,0,1,0,0,0,0,0,0,1,0,0,1,3519,0.988980716,6,125757,889
픽셀,679870,0,0,0,1,0,0,0,0,0,0,0,0,1,6795,0.837528604,2,157117,1087
미쓰와이프,702058,0,0,1,0,0,0,0,0,0,0,0,1,0,4930,0.969040248,2,157032,828
스플릿,703821,0,1,0,0,0,0,0,0,0,0,0,0,0,1700,0.983700863,3,102623,1178
고질라,706908,0,0,0,0,0,0,0,0,0,0,0,0,2,1984,0.689655172,1,176821,1178
헝거게임더파이널,708673,0,0,0,1,0,0,0,0,0,1,0,0,3,13214,0.869565217,2,107745,1082
카트,722336,0,1,0,0,0,0,0,0,0,0,0,0,0,48999,0.970401691,1,189247,1077
인시디어스3,732441,0,0,0,0,0,0,1,0,0,1,0,0,1,3097,0.875,6,88437,699
레지던트이블파멸의날,738628,1,0,0,0,0,0,1,0,0,1,1,0,1,9388,0.973684211,3,144193,1091
공각기동대고스트인더쉘,750046,0,0,0,0,1,0,0,0,0,0,0,0,3,4457,0.738461538,1,177399,1515
동주,774175,0,1,0,0,0,0,0,0,0,0,0,8,0,8002,0.988120492,4,51397,758
상의원,778719,0,1,0,0,0,0,0,0,0,0,0,0,3,8746,0.846153846,4,306941,920
애나벨,794338,0,0,0,0,0,0,1,0,0,0,0,0,2,6123,0.784254808,9,210907,753
하트오브더씨,798732,0,0,0,1,0,0,0,0,0,0,0,0,2,1575,0.941979522,4,104329,1021
좋아해줘,802979,0,0,1,0,0,0,0,0,0,0,0,1,3,11032,0.95754717,4,156675,1232
대립군,803956,0,1,0,0,0,0,0,0,0,0,0,1,2,2929,0.783505155,4,220155,1585
헝거게임모킹제이,807694,0,0,0,1,0,0,0,0,0,1,0,0,3,14780,0.723404255,2,187309,1213
살인의뢰,817625,0,0,0,0,1,0,0,0,0,0,1,0,0,8238,0.686930091,4,175271,989
손님,823209,0,0,0,0,0,0,1,0,0,0,0,0,3,7780,0.778947368,6,265342,1101
갓오브이집트,823410,0,0,0,1,0,0,0,0,0,0,0,0,1,2439,0.879310345,2,130641,990
레전드오브타잔,838443,0,0,0,1,0,0,0,0,0,0,0,0,2,2640,0.946236559,3,146338,1079
방황하는칼날,858011,0,0,0,0,1,0,0,0,0,0,1,1,3,1932,0.944444444,7,158806,999
"날,보러와요",865322,0,0,0,0,1,0,0,0,0,0,1,0,0,4353,0.896733404,7,101399,934
우리는형제입니다,872815,0,1,1,0,0,0,0,0,0,0,0,3,3,5789,0.862348178,4,141920,1050
"고산자,대동여지도",877939,1,0,0,0,0,0,0,0,0,0,0,6,3,3583,0.88147139,5,81253,1529
불한당나쁜놈들의세상,884878,0,0,0,0,1,0,0,0,0,0,1,1,3,3041,0.876623377,2,213201,1613
허삼관,891597,0,1,0,0,0,0,0,0,0,0,0,0,2,10731,0.81441048,4,165516,1205
장수상회,897033,0,1,0,0,0,0,0,0,0,0,0,1,3,15600,0.951661631,1,128861,1293
매그니피센트7,913170,1,0,0,0,0,0,0,0,0,0,0,0,1,2669,0.892682927,4,288407,1129
맨인더다크,925606,0,0,0,0,1,0,0,0,0,0,1,0,1,2623,0.937139192,2,175664,973
박물관이살아있다비밀의무덤,945679,0,0,1,1,0,0,0,0,0,1,0,0,2,3273,0.923791822,4,133143,876
간신,948493,0,0,0,0,0,0,0,0,0,0,1,3,3,4570,0.66796875,4,185546,1347
위플래쉬,952776,0,1,0,0,0,0,0,0,0,0,0,0,3,3127,0.98173516,4,98206,665
오빠생각,952918,0,1,0,0,0,0,0,0,0,0,0,3,2,8257,0.940806045,4,187437,1692
그놈이다,981032,0,0,0,0,1,0,0,0,0,0,0,0,0,5658,0.769230769,4,171964,1051
로그원스타워즈스토리,999518,0,0,0,1,0,0,0,0,0,1,0,0,0,3189,0.931960609,1,246465,1787
시간이탈자,1002455,0,0,0,0,1,0,0,0,0,0,0,0,3,7164,0.861286255,3,210615,1319
악녀,1014907,0,0,0,0,0,0,0,0,0,0,1,1,2,3562,0.843373494,1,158170,1153
빅매치,1023081,0,0,0,0,0,0,0,0,0,0,0,1,2,4634,0.782608696,4,232447,1244
라이트아웃,1028125,0,0,0,0,0,0,1,0,0,0,0,0,2,2011,0.833481745,4,136965,901
성난변호사,1039227,0,0,0,0,1,0,0,0,0,0,0,0,3,2973,0.960346964,2,264076,1200
"당신,거기있어줄래요",1046490,0,1,0,0,0,0,0,0,0,0,0,1,3,8363,0.970948012,1,203408,1520
스타트렉비욘드,1046901,0,0,0,0,0,0,0,0,0,0,0,0,3,3766,0.96570899,1,185007,1417
드라큘라전설의시작,1048724,0,0,0,0,0,0,0,0,0,0,0,0,1,2897,0.927038627,3,215872,761
슬로우비디오,1071120,0,1,1,0,0,0,0,0,0,0,0,1,2,8508,0.841176471,9,332699,1214
미씽사라진여자,1090230,0,0,0,0,1,0,0,0,0,0,0,0,0,4785,0.950381679,3,235815,1290
특별수사사형수의편지,1099284,0,1,0,0,1,0,0,0,0,0,0,1,2,3052,0.979166667,3,201037,1366
워크래프트전쟁의서막,1100154,0,0,0,1,0,0,0,0,0,0,0,0,1,14521,0.950166113,3,236441,1439
퓨리,1114156,0,1,0,0,0,0,0,0,0,0,0,0,0,4734,0.923076923,2,164977,1028
가디언즈오브갤럭시,1125420,0,0,0,1,0,0,0,0,0,0,0,0,0,7337,0.982413179,4,247038,1036
말레피센트,1143315,0,0,0,1,0,0,0,0,0,0,0,0,0,4072,0.944874275,6,136463,907
우아한거짓말,1157903,0,1,0,0,0,0,0,0,0,0,0,2,0,163,0.930875576,2,147663,972
해빙,1165206,0,0,0,0,1,0,0,0,0,0,0,0,3,8972,0.579449153,2,476506,1630
장산범,1197809,0,0,0,0,1,0,0,0,0,0,0,1,2,7814,0.822368421,3,257299,1275
인간중독,1217531,0,1,0,0,0,0,0,0,0,0,1,2,2,5486,0.578947368,2,201434,1179
쎄시봉,1226283,1,0,1,0,0,0,0,0,0,0,0,2,3,12076,0.864485981,6,217607,1530
셜록유령신부,1239387,0,1,0,0,1,0,0,0,0,0,0,0,0,12494,0.777138749,7,665162,1722
에이리언커버넌트,1259506,0,0,0,0,1,0,0,0,0,1,0,0,2,7635,0.91800554,2,362373,1610
탐정홍길동사라진마을,1262915,0,1,0,0,0,0,0,0,0,0,0,1,3,6179,0.90560472,4,284292,1357
이미테이션게임,1276268,1,1,0,0,1,0,0,0,0,0,0,0,0,7140,0.969373219,2,168629,891
벤허,1283858,1,1,0,1,0,0,0,0,0,0,0,0,3,1449,0.948801037,4,302734,1138
차이나타운,1304081,0,1,0,0,1,0,0,0,0,0,1,0,0,5953,0.816864295,5,185582,938
브이아이피,1346980,0,1,0,0,1,0,0,0,0,0,1,2,2,8614,0.720207254,2,341638,1748
특별시민,1349953,0,1,0,0,0,0,0,0,0,0,0,0,3,4647,0.848814229,5,305510,2286
제보자,1355080,0,1,0,0,0,0,0,0,0,0,0,1,0,3728,0.946107784,9,343033,1337
나를찾아줘,1376748,0,0,0,0,1,0,0,0,0,0,1,0,2,1592,0.934356351,4,163212,1131
해무(海霧),1399320,0,1,0,0,0,0,0,0,0,0,1,0,2,7489,0.815602837,4,346687,1164
컨저링2,1402102,0,0,0,0,0,0,1,0,0,1,0,0,2,7907,0.922621398,3,180030,969
노무현입니다,1405528,0,0,0,0,0,1,0,0,0,0,0,0,0,45099,0.99144385,3,181129,1239
인디펜던스데이리써전스,1437491,0,0,0,1,0,0,0,0,0,1,0,0,2,4825,0.848780488,2,286802,1717
엑소더스신들과왕들,1444198,0,1,0,0,0,0,0,0,0,0,0,0,2,4163,0.666666667,1,194354,1602
라라랜드,1457996,0,1,0,0,0,0,0,0,1,0,0,0,0,2499,0.967793095,4,136302,1415
더폰,1480792,0,0,0,0,1,0,0,0,0,0,0,0,2,5205,0.866666667,6,249020,1454
대호,1501596,0,0,0,0,0,0,0,0,0,0,0,1,2,8397,0.919574216,3,255144,1755
두근두근내인생,1511019,1,1,0,0,0,0,0,0,0,0,0,0,3,15718,0.782238443,6,176134,1217
샌안드레아스,1527621,0,1,0,0,0,0,0,0,0,0,0,0,2,3676,0.942307692,1,199041,1483
나의사랑나의신부,1543209,0,0,1,0,0,0,0,0,0,0,0,0,0,8499,0.94375,3,302282,1164
뷰티인사이드,1557590,0,0,0,0,0,0,0,0,0,0,0,0,2,17219,0.902623907,2,262475,1279
임금님의사건수첩,1560713,0,0,1,1,0,0,0,0,0,0,0,1,3,3320,0.900445765,5,204667,1900
23아이덴티티,1562611,0,0,0,0,1,0,0,0,0,0,0,0,1,3751,0.866438356,7,268063,1154
콩스컬아일랜드,1595383,0,0,0,1,0,0,0,0,0,0,0,0,2,2936,0.921259843,1,188145,1601
오늘의연애,1630948,0,0,1,0,0,0,0,0,0,0,0,3,3,19766,0.839068826,4,294805,1175
인투더스톰,1631607,1,0,0,0,1,0,0,0,0,0,0,0,2,1559,0.933088909,5,222803,911
레버넌트죽음에서돌아온자,1670349,0,1,0,1,0,0,0,0,0,0,0,0,2,5179,0.887165021,2,259367,1523
끝까지간다,1698600,0,0,0,0,1,0,0,0,0,0,0,0,3,1320,0.978112175,6,213450,1254
인턴,1699555,1,0,1,0,0,0,0,0,0,0,0,0,2,5224,0.988580385,7,138897,752
스파이,1699783,0,0,1,0,0,0,0,0,0,0,0,0,2,2016,0.976647639,4,188723,1300
007스펙터,1711319,0,0,0,1,0,0,0,0,0,1,0,0,1,6919,0.794788274,1,356520,2056
겟아웃,1799491,0,0,0,0,1,0,1,0,0,0,0,0,1,5068,0.939707674,2,201027,1153
메이즈러너,1819732,0,0,0,0,1,0,0,0,0,0,0,0,2,35841,0.929439252,1,214325,1019
노아,1821633,0,1,0,1,0,0,0,0,0,0,0,0,3,1674,0.550505051,2,373571,1644
악의연대기,1839347,0,0,0,0,1,0,0,0,0,0,0,0,3,5113,0.923922232,2,296140,1408
굿바이싱글,1841771,0,1,1,0,0,0,0,0,0,0,0,0,3,6176,0.946022727,3,256035,1337
수어사이드스쿼드,1848184,0,0,0,0,0,0,0,0,0,0,0,0,2,32475,0.803356555,3,654993,1556
루시,1848406,1,0,0,0,0,0,0,0,0,0,1,0,1,12047,0.70865467,6,272932,958
로건,1859453,0,0,0,0,0,0,0,0,0,0,1,0,2,4093,0.973499189,2,446883,1666
강남1970,1865834,0,1,0,0,0,0,0,0,0,0,1,3,3,21361,0.846564376,4,291904,1380
테이큰3,1877515,0,0,0,0,1,0,0,0,0,1,0,0,2,8326,0.917269076,5,662563,1212
봉이김선달,1899601,0,0,0,0,0,0,0,0,0,0,0,1,3,20055,0.930440771,1,269290,1507
원더우먼,1908880,0,0,0,1,0,0,0,0,0,0,0,0,2,3222,0.919877676,4,327174,1854
박열,1931053,0,1,0,0,0,0,0,0,0,0,0,9,0,7265,0.942565754,3,362463,1912
재심,2030706,0,1,0,0,0,0,0,0,0,0,0,0,0,6797,0.96618934,5,267547,1516
배트맨대슈퍼맨저스티스의시작,2059591,0,0,0,1,0,0,0,0,0,1,0,0,2,16024,0.819444444,4,466842,3247
미스페레그린과이상한아이들의집,2122413,0,0,0,0,1,0,0,0,0,0,0,0,2,8695,0.962240403,6,146754,977
조작된도시,2155595,0,0,0,0,1,0,0,0,0,0,0,1,3,12267,0.93809343,7,362610,1596
탐정더비기닝,2162055,1,0,1,0,1,0,0,0,0,0,0,1,3,3319,0.967415236,7,170395,980
표적,2168858,0,1,0,0,0,0,0,0,0,0,0,1,3,1717,0.906122449,2,267466,1186
분노의질주더세븐,2268341,0,0,0,0,1,0,0,0,0,1,0,0,1,7601,0.985886403,1,261860,1606
매드맥스분노의도로,2287154,0,0,0,1,0,0,0,0,0,0,0,0,2,2005,0.963337832,2,241379,1561
메이즈러너스코치트라이얼,2320466,1,0,0,0,0,0,0,0,0,1,0,0,2,35841,0.929439252,2,237867,1402
형,2321198,0,1,1,0,0,0,0,0,0,0,0,1,3,25600,0.970792768,1,233268,1677
스물,2322695,0,1,1,0,0,0,0,0,0,0,0,0,2,27413,0.938009788,1,283956,1615
보안관,2323185,0,0,1,0,1,0,0,0,0,0,0,0,3,2752,0.919384058,6,422723,1427
기술자들,2336461,0,0,0,0,1,0,0,0,0,0,0,1,3,24306,0.893382353,4,761071,1255
프리즌,2378417,0,0,0,0,1,0,0,0,0,0,1,0,3,8022,0.918406806,5,470714,1851
극비수사,2392661,0,1,0,0,1,0,0,0,0,0,0,3,3,9189,0.949934124,4,393967,1492
덩케르크,2406148,0,1,0,0,0,0,0,0,0,0,0,0,2,6381,0.946188341,5,478307,2497
호빗다섯군대전투,2448113,0,0,0,1,0,0,0,0,0,1,0,0,2,16936,0.962264151,2,343218,1826
제이슨본,2451175,0,0,0,0,1,0,0,0,0,0,0,0,1,13139,0.93648374,3,525779,1542
트랜스포머최후의기사,2479956,0,0,0,1,0,0,0,0,0,1,0,0,3,16721,0.650826446,1,484567,3450
가디언즈오브갤럭시VOL.2,2495390,0,0,0,0,0,0,0,0,0,1,0,0,0,7337,0.982413179,6,840007,2320
앤트맨,2506008,0,0,0,0,0,0,0,0,0,0,0,0,0,6457,0.972036235,4,396365,1744
아수라,2521485,0,0,0,0,1,0,0,0,0,0,1,2,3,28898,0.551997121,6,734132,2452
킹스맨시크릿에이전트,2564142,1,0,0,0,1,0,0,0,0,0,1,0,2,2480,0.978927203,6,166155,1061
신의한수,2630879,0,0,0,0,1,0,0,0,0,0,1,1,3,2407,0.949349442,1,456881,1380
캐리비안의해적죽은자는말이없다,2686501,0,0,0,1,0,0,0,0,0,1,0,0,0,12939,0.954436451,2,371226,2666
스타워즈깨어난포스,2708230,0,0,0,1,0,0,0,0,0,1,0,0,0,14170,0.9190625,3,338231,1805
분노의질주더익스트림,2724736,0,0,0,0,1,0,0,0,0,1,0,0,1,9867,0.985627994,1,371370,2533
캡틴아메리카윈터솔져,2738538,0,0,0,1,0,0,0,0,0,1,0,0,0,1969,0.974207582,1,303558,1933
귀향,2744991,0,1,0,0,0,0,0,0,0,0,0,0,0,581,0.985962145,6,303970,1041
엑스맨아포칼립스,2746242,0,0,0,1,0,0,0,0,0,1,0,0,2,14705,0.886326578,1,474561,2398
터미네이터제니시스,2792253,0,0,0,1,0,0,0,0,0,1,0,0,3,28154,0.917061611,1,533984,2177
나우유씨미2,2864992,0,0,0,0,1,0,0,0,0,1,0,0,3,9865,0.947135417,3,657688,1730
데드풀,2893951,0,0,0,0,0,0,0,0,0,0,1,0,2,14601,0.937407486,4,642574,1854
엣지오브투모로우,3192375,0,0,0,0,0,0,0,0,0,0,0,0,2,2528,0.97595253,2,704537,1386
타짜-신의손,3246589,1,1,0,0,0,0,0,0,0,1,1,2,3,7157,0.865686275,6,356260,1557
아가씨,3288831,0,1,0,0,1,0,0,0,0,0,1,2,3,21671,0.834029457,4,560763,2085
조선명탐정사라진놉의딸,3290795,1,0,1,0,0,0,0,0,0,1,0,1,3,7406,0.915329275,6,231929,1506
미이라,3295548,0,0,0,1,0,0,0,0,0,0,0,0,1,6513,0.808122425,2,1088233,2383
역린,3346855,0,0,0,0,0,0,0,0,0,0,0,0,3,6255,0.774853801,2,653407,1942
마션,3348174,0,0,0,1,0,0,0,0,0,0,0,0,2,6812,0.973781148,2,821873,2076
판도라,3381773,0,1,0,0,1,0,0,0,0,0,0,1,2,8338,0.968756509,4,337955,2103
혹성탈출반격의서막,3406705,0,1,0,0,0,0,0,0,0,1,0,0,2,2984,0.952194357,3,460349,1643
엑스맨데이즈오브퓨처패스트,3428735,0,0,0,0,0,0,0,0,0,1,0,0,2,4066,0.968212307,3,583442,1802
연평해전,3516128,0,1,0,0,0,0,0,0,0,0,0,0,2,28626,0.982086614,3,332907,1384
어메이징스파이더맨2,3534336,0,0,0,0,0,0,0,0,0,1,0,0,0,3680,0.898190997,1,372226,2340
신비한동물사전,3571998,0,0,0,1,0,0,0,1,0,0,0,0,2,12840,0.956644051,3,519347,2351
쥬라기월드,3733734,0,0,0,1,0,0,0,0,0,0,0,0,1,15462,0.938834951,1,587590,2126
검은사제들,3877313,0,1,0,0,1,0,0,0,0,0,0,0,3,15918,0.950278611,4,471363,1721
내부자들,4019452,0,1,0,0,1,0,0,0,0,0,1,2,3,12198,0.986439093,4,628251,1861
덕혜옹주,4105686,0,1,0,0,0,0,0,0,0,0,0,1,3,20348,0.971577211,3,536089,1545
닥터스트레인지,4134668,0,0,0,1,0,0,0,0,0,0,0,0,0,17810,0.976658163,2,782065,2993
청년경찰,4140839,0,0,0,0,0,0,0,0,0,0,0,0,3,16419,0.980769231,5,622378,2167
트랜스포머사라진시대,4310112,0,0,0,0,0,0,0,0,0,1,0,0,3,8008,0.774204584,1,786762,3055
더킹,4410130,1,1,0,0,1,0,0,0,0,0,0,3,2,17679,0.938072616,2,541017,2272
히말라야,4592391,0,1,0,0,0,0,0,0,0,0,0,2,3,13693,0.827513673,3,420832,1987
군도민란의시대,4645452,0,0,0,0,0,0,0,0,0,0,0,1,3,14319,0.766165108,2,984932,2523
해적바다로간산적,4673915,0,0,0,1,0,0,0,0,0,0,0,1,3,4941,0.960110642,2,563642,1581
사도,4789782,1,0,0,0,0,0,0,0,0,0,0,7,3,22459,0.948372806,2,488073,2313
럭키,4818346,0,0,1,0,0,0,0,0,0,0,0,1,3,15767,0.9679797,4,675721,1845
공조,4860129,1,0,0,0,0,0,0,0,0,0,0,2,3,9879,0.976178146,2,308020,1818
국제시장,4869135,0,1,0,0,0,0,0,0,0,0,0,2,3,12784,0.988354714,2,416356,1885
곡성,4963008,0,0,0,0,1,0,0,0,0,0,0,2,2,15570,0.898005698,3,896217,2377
미션임파서블로그네이션,5058016,0,0,0,0,1,0,0,0,0,1,0,0,3,8626,0.9827069,2,971976,2373
터널,5377845,0,1,0,0,0,0,0,0,0,0,0,1,3,14152,0.969746614,4,760172,1674
인터스텔라,5440039,0,0,0,0,0,0,0,0,0,0,0,0,2,11513,0.977310669,2,572897,2228
인천상륙작전,5565410,0,1,0,0,0,0,0,0,0,0,0,1,3,35317,0.949883332,3,831671,1805
마스터,5759562,0,0,0,0,1,0,0,0,0,0,0,0,3,18671,0.965962848,3,763624,2889
스파이더맨홈커밍,6138676,0,0,0,1,0,0,0,0,0,1,0,0,0,15235,0.971428571,1,957304,3436
군함도,6260050,0,1,0,0,0,0,0,0,0,0,0,5,3,97770,0.815165877,1,1552150,3988
밀정,6263056,1,0,0,0,0,0,0,0,0,0,0,3,2,13996,0.965213513,5,566403,2467
베테랑,7230136,0,1,0,0,0,0,0,0,0,0,0,4,3,9952,0.991591656,1,844547,1899
암살,7377430,0,1,0,0,0,0,0,0,0,0,0,3,3,20846,0.989091999,1,926955,2594
캡틴아메리카시빌워,7567445,0,0,0,0,0,0,0,0,0,1,0,0,0,55504,0.970886857,1,1203236,3673
검사외전,8390871,1,0,1,0,1,0,0,0,0,0,0,0,3,46891,0.964858515,3,1006364,2686
어벤져스에이지오브울트론,8466698,0,0,0,1,0,0,0,0,0,1,0,0,0,96176,0.96057175,4,1275470,3498
택시운전사,9024080,0,1,0,0,0,0,0,0,0,0,0,3,3,45603,0.994736842,2,1436582,2999
부산행,9063544,0,0,0,0,1,0,0,0,0,0,0,0,2,62952,0.95505,2,2101324,3184
명량,11775978,0,0,0,0,0,0,0,0,0,0,0,2,3,13639,0.971098266,2,1410271,2361
